Vaccine Candidate,Platform,Developer,Current Stage of Development,Antigen,Delivery System,Delivery System Details,Adjuvants,Delivery Route,Clinical Trials,Funder,Sources,Developer Country,Link To Primary Publication ,Operation Warp Speed,Publication 2,Publication 3,Publication 4,Publication 5,Publication 6,Efficacy,Emergency Approval State,Emergency Approval Countries,FDA Briefing Documents,Development Status,Comments,
INO-4800,DNA,Inovio Pharmaceuticals,Clinical (Phase 1/2/3),S,DNA Plasmid,DNA plasmid; electroporation,,Intradermal,NCT04336410; NCT04447781,CEPI,CEPI,USA,https://www.biorxiv.org/content/10.1101/2020.07.28.225649v1.full.pdf,Operation Warp Speed,https://www.nature.com/articles/s41467-020-16505-0,,,,,,,,,,,
Ad26.COV2.S (JNJ-78436735),Non-Replicating Viral Vector,Johnson & Johnson -Janssen Pharmaceutical Companies/Beth Israel Deaconess Medical Center/Ragon Institute,Clinical (Phase 1/2/3),S,Adenovirus Vector,Adenovirus type 26 (alone or with MVA boost),,Intramuscular,NCT04505722; NCT04436276,,WHO,USA,https://www.nature.com/articles/s41586-020-2607-z_reference.pdf ,Operation Warp Speed,https://science.sciencemag.org/content/early/2020/05/19/science.abc6284,https://www.nejm.org/doi/full/10.1056/NEJMoa2034201,,,,,YES,,,,,
Inactivated,Inactivated,"Institute of Medical Biology , Chinese Academy of Medical Sciences",Clinical (Phase 1/2/3),,Unknown,,,Intramuscular,NCT04412538;NCT04470609,,WHO,China,,,,,,,,,,,,,,
Pathogen-specific aAPC,Artificial Antigen Presenting Cells (aAPCs),Shenzhen Geno-Immune Medical Institute,Clinical (Phase 1),S;M;E;N;P,Artificial Antigen Presenting Cells,aAPCs expressing viral antigens and immunomodulatory molecules  introduced using lentiviral vector,,Subcutaneous,NCT04299724,,CEPI,China,,,,,,,,,,,,,,
mRNA,mRNA,CureVac,Clinical (Phase 1/2/3),,Unknown,,,Intramuscular,NCT04449276; NCT04515147,CEPI,WHO,Germany ,,,,,,,,,,,,,,
saRNA,saRNA,Imperial College London,Clinical (Phase 1),,Unknown,,,Intramuscular,ISRCTN17072692,,WHO,UK,,,,,,,,,,,,,,
Sputnik V,Non-Replicating Viral Vector,Gamaleya Research Institute,Clinical (Phase 1/2/3),S,Adenovirus Vector,Ad26; Ad5,,Intramuscular,NCT04530396; NCT04436471; NCT04437875,,WHO,Russia,https://www.thelancet.com/journals/lancet/article/PIIS0140-6736(20)31866-3/fulltext,,https://www.thelancet.com/journals/lancet/article/PIIS0140-6736(21)00234-8/fulltext,,,,,,YES,,,,,
Adjuvanted recombinant protein (RBD-Dimer),Protein Subunit,"Anhui Zhifei Longcom Biopharmaceutical/Institute of Microbiology, Chinese Academy of Sciences",Clinical (Phase 1/2/3),S;RBD,,,,Intramuscular,NCT04466085; NCT04445194; NCT04550351,,WHO,China,,,,,,,,,YES,,,,,
S-Trimer,Protein Subunit,Clover Biopharmaceuticals Inc./GSK,Clinical (Phase 1/2/3),S-Trimer,Unknown ,,AS03,Intramuscular,NCT04405908,,WHO,China,,,,,,,,,,,,,,
DNA Vaccine (GX-19),DNA,Genexine Consortium,Clinical (Phase 1/2),,,,,Intramuscular,NCT04445389,,WHO,South Korea,,,,,,,,,,,,,,
bacTRL-Spike,DNA,Symvivo,Clinical (Phase 1) ,S,Live Bifidiobacterium longum,,,Oral,NCT04334980,,WHO,Canada,,,,,,,,,,,,,,
Inactivated,Inactivated,Beijing Institute of Biological Products/Sinopharm,Clinical (Phase 1/2/3),,Unknown,,,Intramuscular,ChiCTR2000032459;ChiCTR2000034780,,WHO,China,,,,,,,,,YES,China,,,,
NVX-CoV2373,Protein Subunit,Novavax/Emergent BioSolutions,Clinical (Phase 1/2/3),S-Trimer,Nanoparticle,Nanoparticle,Matrix-M adjuvant,Intramuscular,NCT04368988,CEPI,WHO,USA,https://www.biorxiv.org/content/10.1101/2020.08.18.256578v1.full.pdf?utm_source=Human+Vaccines+Project+COVID+Report&utm_campaign=bac1331545-EMAIL_CAMPAIGN_2018_08_21_06_59_COPY_01&utm_medium=email&utm_term=0_89e0163bb8-bac1331545-182239586,Operation Warp Speed,https://www.biorxiv.org/content/10.1101/2020.06.29.178509v1,,,,,,,,,,,
"BNT162 (BNT162a1, BNT162b1, BNT162b2,BNT162c1)",mRNA,Pfizer/BioNTech/Fosun Pharma,Clinical (Phase 1/2/3),S-Trimer;RBD,Lipid Nanoparticle,,,Intramuscular,NCT04380701; NCT04368728; 2020-001038-36,,WHO,USA,https://www.medrxiv.org/content/10.1101/2020.08.17.20176651v2.full.pdf,Operation Warp Speed,https://www.medrxiv.org/content/10.1101/2020.07.17.20140533v1.full.pdf,https://www.medrxiv.org/content/10.1101/2020.06.30.20142570v1.full.pdf,https://www.nejm.org/doi/full/10.1056/NEJMoa2034577,,,95% (CI 90.3 - 97.6%),YES,UK; European Union; USA,https://www.fda.gov/news-events/press-announcements/fda-takes-key-action-fight-against-covid-19-issuing-emergency-use-authorization-first-covid-19; https://www.fda.gov/media/144245/download?utm_source=All+Contacts&utm_campaign=840e1b7b79-EMAIL_CAMPAIGN_2018_08_21_06_59_COPY_01&utm_medium=email&utm_term=0_ec5e481dc7-840e1b7b79-182524481,EUA APPROVED,,
LV-SMENP-DC,Dendritic Cells; Cytotoxic T Lymphocytes (CTLs);,Shenzhen Geno-Immune Medical Institute,Clinical (Phase 1/2),S;M;E;N;P,Dendritic Cells,DCs expressing SMENP viral antigens; CTLs,,Subcutaneous; Intravenous,NCT04276896,,CEPI,China,,,,,,,,,,,,,,
"CoronaVac (PiCoVacc, Formaldehyde inactivated + alum)",Inactivated,Sinovac,Clinical (Phase 1/2/3),,Inactivated Virus,Formaldehyde inactivated + alum,Alum,Intramuscular,NCT04456595; NCT04383574; NCT04352608,,WHO,China,https://science.sciencemag.org/content/early/2020/05/06/science.abc1932,,,,,,,,YES,,,,,
Inactivated,Inactivated,Wuhan Institute of Biological Products/Sinopharm,Clinical (Phase 1/2/3),,Unknown,,,Intramuscular,ChiCTR2000031809; ChiCTR2000034780,,WHO,China,,,,,,,,,,,,,,
Ad5-nCoV,Non-replicating viral vector,CanSino Biologics,Clinical (Phase 1/2/3),S,Adenovirus Vector,Adenovirus Type 5 Vector,,Intramuscular,NCT04526990; NCT04313127; ChiCTR2000031781; ChiCTR2000030906,,CEPI,China,https://www.thelancet.com/journals/lancet/article/PIIS0140-6736(20)31208-3/fulltext#%20,,,,,,,,YES,,,,,
mRNA-1273,mRNA,Moderna/ NIAID,Clinical (Phase 1/2/3),S,Lipid Nanoparticle,Lipid nanoparticle; mRNA,,Intramuscular,NCT04283461; NCT04405076; NCT04470427,CEPI; BARDA,CEPI,USA,https://www.nature.com/articles/s41586-020-2622-0 ,Operation Warp Speed,https://www.nejm.org/doi/pdf/10.1056/NEJMoa2022483?articleTools=true,https://www.nejm.org/doi/full/10.1056/NEJMoa2024671,https://www.biorxiv.org/content/10.1101/2020.06.11.145920v1,https://www.nejm.org/doi/full/10.1056/NEJMoa2028436,https://www.nejm.org/doi/full/10.1056/NEJMc2032195?query=recirc_mostViewed_railB_article,94.10%,,,https://www.fda.gov/media/144434/download,,,
AZD1222 (ChAdOx1 nCoV-19),Non-Replicating viral vector,University of Oxford/AstraZeneca,Clinical (Phase 1/2/3),S,Adenovirus Vector,Chimpanzee Adenovirus vector Y25,,Intramuscular,NCT04516746; NCT04540393;ISRCTN89951424; NCT04324606; PACTR202006922165132; 2020-001072-15; 2020-001228-32;,CEPI;BARDA,Milken Institute/ Wikipedia,UK,https://www.nature.com/articles/s41586-020-2608-y ,Operation Warp Speed,https://www.thelancet.com/journals/lancet/article/PIIS0140-6736(20)31604-4/fulltext,https://www.biorxiv.org/content/10.1101/2020.05.13.093195v1.full.pdf,https://www.thelancet.com/journals/lancet/article/PIIS0140-6736(20)32661-1/fulltext,,,,YES,UK,,,,
ARCoV,mRNA,People's Liberation Army (PLA) Academy of Military Sciences/Walvax Biotech.,Clinical (Phase 1),S;RBD,Lipid Nanoparticle,,,Intramuscular,ChiCTR2000034112,,WHO,China,https://www.cell.com/cell/fulltext/S0092-8674(20)30932-6,,,,,,,,YES,,,,,
Covaxin,Inactivated,Bharat Biotech,Clinical (Phase 1/2/3),,,,,Intramuscular,CTRI/2020/07/026300,,WHO,India,,,,,,,,,YES,,,,,
DNA,DNA,Osaka University/ AnGes/ Takara Bio,Clinical (Phase 1/2/3),,Unknown,,,Intramuscular,NCT04463472,,WHO,Japan ,,,,,,,,,,,,,,
DNA plasmid vaccine,DNA,Cadila Healthcare Limited,Clinical (Phase 1/2/3),,,,,Intradermal,CTRI/2020/07/026352,,WHO,India,,,,,,,,,,,,,,
RBD-based,Protein Subunit,"Kentucky Bioprocessing, Inc",Clinical (Phase 1/2),S;RBD,,,,Intramuscular,NCT04473690,,WHO,USA,,,,,,,,,,,,,,
ARCT-021,mRNA,Arcturus/Duke-NUS,Clinical (Phase 1/2),S,Lipid Nanoparticle,,,Intramuscular,NCT04480957,,WHO,USA,,,,,,,,,,,,,,
Molecular clamp stabilized Spike protein,Protein Subunit,University of Queensland/CSL/Seqirus,Clinical (Phase 1),S,Unknown ,,MF59,Intramuscular,ACTRN12620000674932p,,WHO,Australia,,,,,,,,,,,,CANCELLED,https://www.uq.edu.au/news/article/2020/12/update-uq-covid-19-vaccine,
Plant-derived VLP,VLP,Medicago,Clinical (Phase 1/2/3),,Virus-Like Particle (VLP),Virus-Like Particle (VLP),,Intramuscular,NCT04450004,,WHO,Canada,,,,,,,,,,,,,,
S-2P protein + CpG 1018,Protein Subunit,Medigen Vaccine Biologics Corporation/NIAID/Dynavax,Clinical (Phase 1/2),S2,,,CpG 1018,Intramuscular,NCT04695652; NCT04487210,,WHO,Taiwan,https://www.biorxiv.org/content/10.1101/2020.08.11.245704v1.full.pdf,,,,,,,,,,,,,
Recombinant spike protein with Advax adjuvant,Protein Subunit,Vaxine Pty Ltd,Clinical (Phase 1),S,Unknown,,Advax,Intramuscular,NCT04453852,,WHO,Australia,,,,,,,,,,,,,,
RBD + Adjuvant,Protein Subunit,"Instituto Finlay de Vacunas, Cuba",Clinical (Phase 1/2),S;RBD,,,,Intramuscular,IFV/COR/04,,WHO,Cuba,,,,,,,,,,,,,,
TMV-083,Replicating Viral Vector,Institute Pasteur/Themis/Univ. of Pittsburg Center for Vaccine Research/Merck,Clinical (Phase 1),S,Live Attenuated Recombinant Measles virus,Live Attenuated Recombinant Measles virus,,Intramuscular,NCT04497298,,WHO,France,,,,,,,,,,,,CANCELLED,,
RBD (baculovirus production expressed in Sf9 cells),Protein Subunit,"West China Hospital, Sichuan University",Clinical (Phase 1/2),S;RBD,,,,Intramuscular,ChiCTR2000037518,,WHO,China,,,,,,,,,,,,,,
S protein (baculovirus production),Protein Subunit,Sanofi Pasteur/ GSK,Clinical (Phase 1/2/3),S,Unknown ,,,Intramuscular,NCT04537208;PACTR202011523101903,BARDA,WHO,France,https://www.medrxiv.org/content/10.1101/2021.01.19.20248611v1.full,Operation Warp Speed,,,,,,,,,,PAUSED,https://www.gsk.com/en-gb/media/press-releases/sanofi-and-gsk-announce-a-delay-in-their-adjuvanted-recombinant-protein-based-covid-19-vaccine-programme-to-improve-immune-response-in-the-elderly/,
Ad5-nCoV,Non-Replicating Viral Vector,"Institute of Biotechnology, Academy of Military Medical Sciences, PLA of China",Clinical (Phase 1),,Adenovirus Vector,Adenovirus Type 5,,Intramuscular/ Mucosal,NCT04552366,,WHO,China,,,,,,,,,,,,,,
SARS-CoV-2 HLA-DR peptides ,Protein Subunit,University Hospital Tuebingen,Clinical (Phase 1),,,,,Subcutaneous,NCT04546841,,WHO,Germany,,,,,,,,,,,,,,
S1-RBD-protein,Protein Subunit,COVAXX,Clinical (Phase 1/2/3),S1;RBD,,,,Intramuscular,NCT04545749,,WHO,USA,,,,,,,,,,,,,,
Intranasal flu based RBD,Replicating Viral Vector,Beijing Wantai Biological Pharmacy/ Xiamen University,Clinical (Phase 1/2),S;RBD,,,,Intramuscular,ChiCTR2000037782,,WHO,China,,,,,,,,,,,,,,
mRNA,mRNA,Arcturus/Duke-NUS,Clinical (Phase 1/2),,Lipid Nanoparticle,LNP; Lipid-enabled and Unlocked Nucleomonomer Agent modified RNA (LUNAR),,Intramuscular,NCT04480957,,WHO,USA,,,,,,,,,,,,,,
Replication defective Simian Adenovirus (GRAd) encoding SARS-CoV- 2S,Non-Replicating Viral Vector,ReiThera/LEUKOCARE/Univercells,Clinical (Phase 1/2/3),S,Unknown,,,Intramuscular,EUCTR2020-005915-39-IT; NCT04528641,,WHO,Italy,,,,,,,,,,,,,,
EpiVacCorona,Protein Subunit,"FBRI SRC VB VECTOR, Rospotrebnadzor, Koltsovo",Clinical (Phase 1/2/3),,,,,Intramuscular,NCT04780035; NCT04527575,,WHO,Russia,,,,,,,,,,,,,,
Inactivated,Inactivated,"Research Institute for Biological Safety Problems, Rep of Kazakhstan",Clinical (Phase 1/2/3),,,,,Intramuscular,NCT04530357,,WHO,Kazakhstan,,,,,,,,,,,,,,
Inactivated,Inactivated,"Beijing Minhai Biotechnology Co., Ltd.",Clinical (Phase 1/2),,,,,Intramuscular,NCT04756323; ChiCTR2000038804,,WHO,China,,,,,,,,,,,,,,
Oral Vaccine platform,Non-Replicating Viral Vector,Vaxart,Clinical (Phase 1),Multiple,Oral Vaccine platform,Oral Vaccine platform,,Oral,NCT04563702,,WHO,USA,,,,,,,,,,,,,,
"[E1-, E2b-, E3-] hAd5- COVID19- Spike/Nucleocapsid",Non-Replicating Viral Vector ,Immunity Bio /NantKwest,Clinical (Phase 1),S-Trimer;N,Adenovirus Vector,Adenovirus Type 5 (Ad5),,Subcutaneous,NCT04591717,,Science ,USA,,,,,,,,,,,,,,
RBD-HBsAg VLP's ,VLP,SpyBiotech/Serum Institute of India ,Clinical (Phase 1/2),S;RBD,,,,Intramuscular,ACTRN12620000817943,,WHO,UK,,,,,,,,,,,,,,
MVA-SARS-2-S,Non-Replicating Viral Vector,Ludwig-Maximilians - University of Munich,Clinical (Phase 1),S,Modified Vaccinia Ankara (MVA),,,Intramuscular,NCT04569383,,WHO,Germany,,,,,,,,,,,,,,
VSV-S,Replicating Viral Vector,Israel Institute for Biological Research/Weizmann Institute of Science,Clinical (Phase 1/2),S,VSV,,,Intramuscular,NCT04608305,,WHO,Israel,https://www.biorxiv.org/content/10.1101/2020.06.18.160655v1.full.pdf,,,,,,,,,,,,,
Adjuvanted protein subunit (RBD),Protein Subunit,Biological E Ltd/ Dyanavax/ Baylor College of Medicine,Clinical (Phase 1/2),S;RBD,Unknown,,CpG 1018,Intramuscular,CTRI/2020/11/029032,,WHO,India,,,,,,,,,,,,,,
rRBD produced in CHO-cell chemically conjugate to tetanus toxoid,Protein Subunit,"Instituto Finlay de Vacunas, Cuba",Clinical (Phase 1/2/3),S;RBD,,,Tetanus toxoid,Intramuscular,RPCEC00000354; IFV/COR/04; IFV/COR/05,,WHO,Cuba,,,,,,,,,,,,,,
SARS-CoV-2 S and NP genes inserted into a sMVA vector,Protein Subunit,City of Hope,Clinical (Phase 1),S;N,,Modified Vaccinia Ankara (MVA),,Intramuscular,NCT04639466,,WHO,USA,,,,,,,,,,,,,,
Codon deoptimized live attenuated vaccines,Live Attenuated Virus,Codagenix/Serum Institute of India,Clinical (Phase 1),,Live Attenuated Virus,Live Attenuated Virus,,Intramuscular,NCT04619628,,WHO,USA,,,,,,,,,,,,,,
Replication-competent VSV chimeric virus technology (VSVΔG) delivering the SARS-CoV-2 Spike (S) glycoprotein.,Replicating Viral Vector,Merck Sharp & Dohme/IAVI,Clinical (Phase 1/2),S,Recombinant Vesicular Stomatitis Virus (rVSV),Recombinant Vesicular Stomatitis Virus (VSV),,Intradermal,,BARDA,WHO,USA,,Operation Warp Speed,,,,,,,,,,CANCELLED,https://www.merck.com/news/merck-discontinues-development-of-sars-cov-2-covid-19-vaccine-candidates-continues-development-of-two-investigational-therapeutic-candidates/,
DNA vaccine,DNA,Entos Pharmaceuticals,Clinical (Phase 1),,Unknown,,,Intramuscular,NCT04591184,,WHO,Canada,,,,,,,,,,,,,,
RBD protein fused with Fc of IgG + Adj.,Protein Subunit,Chulalongkorn University/GPO,Clinical (Phase 1),RBD-Fc fusion protein,,,,Intramuscular,NCT04566276,,WHO,Thailand,,,,,,,,,,,,,,
Inactivated Flu-based SARS-CoV2 vaccine + Adjuvant,Non-Replicating Viral Vector,"National Center for Genetic Engineering and Biotechnology (BIOTEC) /GPO, Thailand",Clinical (Phase 1/2),,Inactivated Influenza Virus,,,Intramuscular,RPCEC00000346; RPCEC00000306,,WHO,Thailand,,,,,,,,,,,,,,
Inactivated + CpG 1018,Inactivated,Valneva/Dynavax,Clinical (Phase 1/2),,Unknown,,CpG 1018,Intramuscular,NCT04671017,,WHO,France,,,,,,,,,,,,,,
NonReplicating Viral Vector,Non-Replicating Viral Vector,Altimmune,Clinical (Phase 1),S,Adenovirus Vector,Adenovirus based NasoVAX,,Intramuscular,NCT04679909,,WHO,USA,,,,,,,,,,,,,,
"ERUCOV-VAC, inactivated virus",Inactivated,Erciyes University,Clinical (Phase 1),,,,,Intramuscular,NCT04691947,,WHO,Turkey,,,,,,,,,,,,,,
Inactivated SARS-CoV-2 vaccine (Vero cell),Inactivated,"Shenzhen Kangtai Biological Products Co., Ltd.",Clinical (Phase 1/2),,,,,Intramuscular,,,WHO,China,,,,,,,,,,,,,,
Protein subunit,Protein Subunit,"FBRI SRC VB VECTOR, Rospotrebnadzor, Koltsovo",Clinical (Phase 1/2),,,,,Intramuscular,NCT04780035,,WHO,Russia,,,,,,,,,,,,,,
SARS-CoV-2 mRNA vaccine,mRNA,Shulan (Hangzhou) Hospital/ Center for Disease Control and Prevention of Guangxi Zhuang Autonomous Region,Clinical (Phase 1/2),,,,,Intramuscular,,,WHO,China,,,,,,,,,,,,,,
DelNS1-2019-nCoV-RBD-OPT1 (Intranasal flu-based-RBD ),Replicating Viral Vector,Jiangsu Provincial Center for Disease Prevention and Control,Clinical (Phase 2),S;RBD,,,,Intranasal,,,WHO,China,,,,,,,,,,,,,,
AdimrSC-2f (recombinant RBD +/- Aluminium),Protein Subunit,Adimmune Corporation,Clinical (Phase 1/2),S;RBD,,,Alum,,,,WHO,Taiwan,,,,,,,,,,,,,,
CORVax,DNA,Providence Health & Services,Clinical (Phase 1),,,,,Intradermal,,,WHO,USA,,,,,,,,,,,,,,
COH04S1 (MVA-SARS-2-S),Non-Replicating Viral Vector,City of Hope Medical Center/ National Cancer Institute,Clinical (Phase 1),S,,,,Intramuscular,,,WHO,USA,,,,,,,,,,,,,,
"Dendritic cell vaccine AV-COVID-19. A vaccine consisting of autologous dendritic cells loaded with antigens from SARS-CoV-2, with or without GM-CSF",Replicating Viral Vector,"Aivita Biomedical, Inc./National Institute of Health Research and Development, Ministry of Health Republic of Indonesia",Clinical (Phase 1/2),,,,,Intramuscular,,,WHO,USA,,,,,,,,,,,,,,
RBD SARS-CoV-2 HBsAg VLP vaccine,VLP,Serum Institute of India/ Accelagen Pty,Clinical (Phase 1/2),S;RBD,,,,Intramuscular,,,WHO,India,,,,,,,,,,,,,,
AdCLD-CoV19,Replicating Viral Vector,"Cellid Co., Ltd.",Clinical (Phase 1/2),,,,,Intramuscular,,,WHO,South Korea,,,,,,,,,,,,,,
GLS-5310,DNA,"GeneOne Life Science, Inc.",Clinical (Phase 1/2),,,,,Intradermal,,,WHO,South Korea,,,,,,,,,,,,,,
"Recombinant SARS-CoV-2 Spike protein, Aluminum adjuvanted",Protein Subunit,Nanogen Pharmaceutical Biotechnology,Clinical (Phase 1/2),S,,,Alum ,Intramuscular,,,WHO,Vietnam,,,,,,,,,,,,,,
Recombinant protein vaccine S-268019 (using Baculovirus expression vector system),Protein Subunit,Shionogi,Clinical (Phase 1/2),,,,,Intranasal,,,WHO,Japan ,,,,,,,,,,,,,,
SARS-CoV-2-RBD-Fc fusion protein,Protein Subunit,University Medical Center Groningen/ Akston Biosciences Inc.,Clinical (Phase 1/2),RBD-Fc fusion protein,,,,Subcutaneous/ Intramuscular,,,WHO,Netherlands,,,,,,,,,,,,,,
CIGB-669 (RBD+AgnHB),Protein Subunit,Center for Genetic Engineering and Biotechnology (CIGB),Clinical (Phase 1/2),S;RBD,,,,Intranasal,,,WHO ,Cuba,,,,,,,,,,,,,,
DNA plasmid vaccine,DNA,Zydus Cadila,Clinical (Phase 1/2/3),,Unknown,,,Intradermal,CTRI/2020/07/026352,,WHO,India,,,,,,,,,,,,,,
Adjuvanted microsphere peptide,Protein Subunit,University of Saskatchewan,Clinical (Phase 1/2),,Unknown,,,Intramuscular,NCT04702178,,WHO,Canada,,,,,,,,,,,,,,
COVIGEN,DNA,"University of Sydney/ Bionet Co., Ltd Technovalia",Clinical (Phase 1),,,,,Intramuscular/ Intradermal,NCT04742842,,WHO,Australia,,,,,,,,,,,,,,
"COVID-eVax, a candidate plasmid DNA vaccine of the Spike protein",DNA,Takis/ Rottapharm Biotech,Clinical (Phase 1/2),S,,,,Intramuscular,EUCTR2020-003734-20-IT,,WHO,Italy,,,,,,,,,,,,,,
VLP + Adjuvant,VLP,Mahidol University/ The Government Pharmaceutical Organization/GPO,Clinical (Phase 1/2),,,,,Intramuscular,NCT04764422,,WHO,Thailand,,,,,,,,,,,,,,
Enveloped Virus-Like Particle (eVLP),VLP,VBI Vaccines Inc.,Clinical (Phase 1/2),,Virus-Like Particle (VLP),Enveloped Virus-Like Particle (eVLP),,Intramuscular,NCT04773665,,WHO,USA,,,,,,,,,,,,,,
SpFN (spike ferritin nanoparticle) uses spike proteins with a liposomal formulation QS21 (ALFQ) adjuvant.,Protein Subunit,WRAIR/USAMRIID,Clinical (Phase 1),S,Ferritin Nanoparticle,Ferritin Nanoparticle,QS21 (ALFQ),Intramuscular,NCT04784767,,WHO,USA,,,,,,,,,,,,,,
"GBP510, a recombinant surface protein vaccine with adjuvant AS03 (aluminium hydroxide)",Protein Subunit,"SK Bioscience Co., Ltd. ",Clinical (Phase 1/2),S,,,AS03,Intramuscular, NCT04742738,,WHO,South Korea,,,,,,,,,,,,,,
"Razi Cov Pars, recombinant spike protein",Protein Subunit,Razi Vaccine and Serum Research Institute,Clinical (Phase 1),S,,,,Intramuscular/ Intranasal,IRCT20201214049709N1,,WHO,Iran,,,,,,,,,,,,,,
COVID-19 inactivated vaccine,Inactivated,Shifa Pharmed Industrial Co,Clinical (Phase 1),,,,,Intramuscular,IRCT20201202049567N1,,WHO,Iran,,,,,,,,,,,,,,
"PTX-COVID19-B, mRNA vaccine",mRNA,Providence Therapeutics,Clinical (Phase 1),,,,,Intramuscular,NCT04765436,,WHO,Canada,,,,,,,,,,,,,,
CoV2 SAM (LNP) vaccine. A self-amplifying mRNA (SAM) lipid nanoparticle (LNP) platform + Spike antigen,saRNA,GlaxoSmithKline,Clinical (Phase 1),S,Lipid Nanoparticle,,,Intramuscular,NCT04758962,,WHO,UK,,,,,,,,,,,,,,
"Chimpanzee Adenovirus serotype 68 (ChAd) and self-amplifying mRNA (SAM) vectors expressing spike alone, or spike plus additional SARS-CoV-2 T cell epitopes.",saRNA,Gritstone Oncology,Clinical (Phase 1),S,Adenovirus Vector,Chimpanzee Adenovirus serotype 68,,Intramuscular,NCT04776317,,WHO,USA,,,,,,,,,,,,,,
"mRNA-1273.351. A lipid nanoparticle (LNP)-encapsulated mRNA-based vaccine that encodes for a full-length, prefusion stabilized S protein of the SARS-CoV-2 B.1.351 variant.",mRNA,Moderna/ National Institute of Allergy and Infectious Diseases (NIAID),Clinical (Phase 1),S,Lipid Nanoparticle,,,Intramuscular,NCT04785144,,WHO,USA,,,,,,,,,,,,,,
EuCorVac-19; A spike protein using the recombinant protein technology and with an adjuvant.,Protein Subunit,"EuBiologics Co.,Ltd",Clinical (Phase 1/2),S,,,,Intramuscular,NCT04783311,,WHO,South Korea,,,,,,,,,,,,,,
Capsid-like Particle,Protein Subunit,AdaptVac (PREVENT-nCoV consortium),Pre-clinical,,Unknown,,,,,,WHO,Denmark,,,,,,,,,,,,,,
S protein,Protein subunit,AJ Vaccines,Pre-clinical,S,Unknown ,,,,,,WHO,Denmark,,,,,,,,,,,,,,
Recombinant S1-Fc fusion protein,Protein Subunit,AnyGo Technology,Pre-clinical,S1-Fc fusion protein,Unknown,,,,,,WHO,China,,,,,,,,,,,,,,
"Orally delivered, heat stable subunit",Protein Subunit,"Applied Biotechnology Institute, Inc.",Pre-clinical,,,,,Oral,,,WHO,USA,,,,,,,,,,,,,,
eVLP,Protein Subunit,ARTES Biotechnology,Pre-clinical,,Virus-Like Particle (VLP),Virus-Like Particle (VLP),,,,,WHO,Germany,,,,,,,,,,,,,,
Peptides derived from Spike protein,Protein Subunit,Axon Neuroscience SE,Pre-clinical,S,,,,,,,WHO,Cyprus,,,,,,,,,,,,,,
S1 or RBD protein,Protein Subunit,Baylor College of Medicine,Pre-clinical,S1;RBD,Unknown,,,,,,WHO,USA,,,,,,,,,,,,,,
Recombinant deactivated rabies virus containing S1,Non-Replicating Viral Vector,Bharat Biotech/Thomas Jefferson University,Pre-clinical,S1,Recombinant deactivated rabies virus,Recombinant deactivated rabies virus,,,,,WHO,India,,,,,,,,,,,,,,
Liposome- encapsulated mRNA,mRNA,BIOCAD,Pre-clinical,,Liposome,Liposome,,,,,WHO,Russia,,,,,,,,,,,,,,
Live viral vectored vaccine based on attenuated influenza virus backbone (intranasal),Replicating Viral Vector,BiOCAD and IEM,Pre-clinical,,Unknown,,,Intranasal,,,WHO,Russia,,,,,,,,,,,,,,
OMV-based (Outer Membrane Vesicles) vaccine ,Protein Subunit,BiOMViS Srl/Univ. of Trento,Pre-clinical,,Outer Membrane Vesicle (OMV),Outer Membrane Vesicle (OMV),,,,,WHO,Italy,,,,,,,,,,,,,,
DNA vaccine,DNA,BioNet Asia,Pre-clinical,,Unknown,,,,,,WHO,Thailand,,,,,,,,,,,,,,
LNP-mRNA,mRNA,CanSino Biologics/Precision NanoSystems,Pre-clinical,,Lipid Nanoparticle,,,,,,WHO,China,,,,,,,,,,,,,,
Replicating Defective SARS-CoV- 2 derived RNAs,mRNA,"Centro Nacional Biotecnología (CNB-CSIC), Spain",Pre-clinical,,Unknown,,,,,,WHO,Spain,,,,,,,,,,,,,,
MVA expressing structural proteins,Non-Replicating Viral Vector,"Centro Nacional Biotecnología (CNB-CSIC), Spain",Pre-clinical,,Modified Vaccinia Ankara (MVA),Modified Vaccinia Ankara (MVA),,,,,WHO,Spain,,,,,,,,,,,,,,
RNA,mRNA,China CDC/Tongji University/Stermina,Pre-clinical,,Unknown,,,,,,WHO,China,,,,,,,,,,,,,,
mRNA,mRNA,China CDC/Tongji University/Stermina,Pre-clinical,,Unknown,,,,,,WHO,China,,,,,,,,,,,,,,
Unknown,Unknown,Doherty Institute,Pre-clinical,,Unknown,,,,,,WHO,Australia,,,,,,,,,,,,,,
"Measles Virus (S, N targets)",Live Attenuated Virus,DZIF – German Center for Infection Research,Pre-clinical,S;N,Unknown,,,,,,WHO,Germany,,,,,,,,,,,,,,
MVA-S encoded,Non-Replicating Viral Vector,DZIF – German Center for Infection Research,Pre-clinical,,Unknown,,,,,,WHO,Germany,,,,,,,,,,,,,,
S protein,Protein subunit,EpiVax/Univ. of Georgia,Pre-clinical,S,Unknown ,,,,,,WHO,USA,,,,,,,,,,,,,,
mRNA in an intranasal delivery system,mRNA,eTheRNA,Pre-clinical,,Unknown,,,Intranasal,,,WHO,Belgium,,,,,,,,,,,,,,
Drosophila S2 insect cell expression system VLPs,Protein Subunit,ExpreS2ion,Pre-clinical,,Virus-Like Particle (VLP),AdaptVac universal viral Capsid-Like Particle (CLP),,,,EU Horizon 2020,WHO,Denmark,,,,,,,,,,,,,,
RNA,mRNA,"FBRI SRC VB VECTOR, Rospotrebnadzor, Koltsovo",Pre-clinical,,Unknown,,,,,,WHO,Russia,,,,,,,,,,,,,,
Measles Vector,Replicating Viral Vector,"FBRI SRC VB VECTOR, Rospotrebnadzor, Koltsovo",Pre-clinical,,Unknown,,,,,,WHO,Russia,,,,,,,,,,,,,,
"Recombinant vaccine based on Influenza A virus, for the prevention of COVID-19 (intranasal)",Replicating Viral Vector,"FBRI SRC VB VECTOR, Rospotrebnadzor, Koltsovo",Pre-clinical,,Unknown,,,Intranasal,,,WHO,Russia,,,,,,,,,,,,,,
VSV vector,Replicating Viral Vector,"FBRI SRC VB VECTOR, Rospotrebnadzor, Koltsovo",Pre-clinical,,Unknown,,,,,,WHO,Russia,,,,,,,,,,,,,,
Peptide,Protein Subunit,Flow Pharma Inc,Pre-clinical,,Unknown,,,,,,WHO,USA,,,,,,,,,,,,,,
LNP encapsulated mRNA cocktail encoding RBD,mRNA,Fudan University/ Shanghai JiaoTong University/RNA Cure Biopharma,Pre-clinical,S;RBD,Lipid Nanoparticle,Lipid Nanoparticle (LNP),,,,,Milken Institute,China,,,,,,,,,,,,,,
LNP encapsulated mRNA cocktail encoding VLP,mRNA,Fudan University/ Shanghai JiaoTong University/RNACure Biopharma,Pre-clinical,,Lipid Nanoparticle,LNP encapsulated mRNA cocktail encoding VLP,,,,,WHO,China,,,,,,,,,,,,,,
Attenuated Influenza expressing an antigenic portion of the Spike protein,Replicating Viral Vector,Fundação Oswaldo Cruz and Instituto Buntantan,Pre-clinical,S,,,,,,,WHO,Brazil,,,,,,,,,,,,,,
Ii-Key peptide,Protein Subunit,Generex/EpiVax,Pre-clinical,,Unknown ,,li-key peptide,,,,WHO,USA,,,,,,,,,,,,,,
MVA encoded VLP,Non-Replicating Viral Vector,GeoVax/BravoVax,Pre-clinical,,Modified Vaccinia Ankara (MVA),Modified Vaccinia Ankara (MVA),,,,,WHO,USA,,,,,,,,,,,,,,
mRNA,mRNA,Greenlight Biosciences,Pre-clinical,,,,,,,,WHO,USA,,,,,,,,,,,,,,
Ad5 S GREVAX Platform,Non-Replicating Viral Vector,Greffex,Pre-clinical,S,Adenovirus Vector,Adenovirus type 5 (GREVAX™ platform),,,,,WHO,USA,,,,,,,,,,,,,,
gp-96 backbone,Protein subunit,Heat Biologics/Univ. Of Miami,Pre-clinical,Multiple,Unknown ,,,,,,WHO,USA,,,,,,,,,,,,,,
Replication- competent VSV chimeric virus technology (VSVΔG) delivering the SARS- CoV-2 Spike (S) glycoprotein,Replicating Viral Vector,IAVI/Batavia,Pre-clinical,S,Unknown,,,,,,WHO,USA,,,,,,,,,,,,,,
"Subunit protein, plant produced",Protein Subunit,iBio/CC-Pharming,Pre-clinical,,Virus-Like Particle (VLP),Virus-Like Particle (VLP),,,,,WHO,USA,,,,,,,,,,,,,,
mRNA,mRNA,"IDIBAPS-Hospital Clinic, Spain",Pre-clinical,,,,,,,,WHO,Spain,,,,,,,,,,,,,,
MVA-S,Non-Replicating Viral Vector,"IDIBAPS-Hospital Clinic, Spain",Pre-clinical,S,Modified Vaccinia Ankara (MVA),Modified Vaccinia Ankara (MVA),,,,,WHO,Spain,,,,,,,,,,,,,,
DNA,DNA,"Immunomic Therapeutics, Inc./EpiVax, Inc./PharmaJet, Inc.",Pre-clinical,,Unknown,,,Intradermal ,Tropis Needle-free Injection System,,WHO; Immunomic Therapeutics,USA,,,,,,,,,,,,,,
Antibodies,Antibody,ImmunoPrecise Antibodies,Pre-clinical,,Unknown,,,,,,WHO,USA,,,,,,,,,,,,,,
ADDomerTM multiepitope display,Protein Subunit,Imophoron Ltd and Bristol University’s Max Planck Centre,Pre-clinical,,Virus-Like Particle (VLP),ADDomer (adenovirus-derived multimeric protein-based self-assembling nanoparticle),,,,,WHO,UK,,,,,,,,,,,,,,
Peptide antigens formulated in LNP,Protein Subunit,IMV Inc,Pre-clinical,,Lipid Nanoparticle,Lipid Nanoparticle,,,,,WHO,Canada,,,,,,,,,,,,,,
Codon deoptimized live attenuated vaccines,Live Attenuated Virus,Indian Immunologicals Ltd/Griffith University,Pre-clinical,,Unknown,,,,,,WHO,India,,,,,,,,,,,,,,
COVID-19 XWG-03 truncated S (spike) proteins,Protein Subunit,Innovax/Xiamen Univ./GSK,Pre-clinical,S,Unknown,,,,,,WHO,China,,,,,,,,,,,,,,
Newcastle disease virus vector (NDV- SARS-CoV-2/Spike),Replicating Viral Vector,Intravacc/ Wageningen Bioveterinary Research/Utrecht Univ.,Pre-clinical,S,New Castle Disease Virus (NCDV) Vector,,,,,,WHO,Netherlands,,,,,,,,,,,,,,
Outer Membrane Vesicle (OMV)- peptide,Protein Subunit,Intravacc/Epivax,Pre-clinical,,,,,,,,WHO,Netherlands,,,,,,,,,,,,,,
DNA,DNA,Karolinska Institute / Cobra Biologics (OPENCORONA Project),Pre-clinical,,DNA electroporation,DNA electroporation,,,,EU Horizon 2020,WHO,Sweden,,,,,,,,,,,,,,
RBD-based,Protein Subunit,"Kentucky Bioprocessing, Inc",Pre-clinical,S;RBD,,,,,,,WHO,USA,,,,,,,,,,,,,,
YF17D Vector,Replicating Viral Vector,KU Leuven,Pre-clinical,,Unknown,,,,,,WHO,Belgium,,,,,,,,,,,,,,
Protein subunit,Protein Subunit,LakePharma Inc,Pre-clinical,S;M,Unknown,,,,,,WHO,USA,,,,,,,,,,,,,,
Structurally modified spherical particles of the tobacco mosaic virus (TMV),Protein Subunit,Lomonosov Moscow State University,Pre-clinical,,,,,,,,WHO,Russia,,,,,,,,,,,,,,
AAVCOVID,Non-Replicating Viral Vector,Massachusetts Eye and Ear/ Massachusetts General Hospital/ University of Pennsylvania/ AveXis/ Novartis/Catalent/ Aldevron/ Viralgen,Pre-clinical,S,AAVrh32.33,AAVrh32.33,,Intramuscular,,,Massachusetts Eye and Ear,USA,https://www.biorxiv.org/content/10.1101/2021.01.05.422952v1,,,,,,,,,,,,,
Unknown,Unknown,MIGAL Galilee Research Institute,Pre-clinical,,Unknown,,,,,,WHO,Israel,,,,,,,,,,,,,,
Protein subunit,Protein Subunit,"MOGAM Institute for Biomedical Research, GC Pharma",Pre-clinical,,,,,,,,WHO,South Korea,,,,,,,,,,,,,,
S protein +Adjuvant,Protein Subunit,"National Institute of Infectious Disease, Japan",Pre-clinical,S,Unknown,,,,,,WHO,Japan,,,,,,,,,,,,,,
"Virus-Like particles, lentivirus and baculovirus vehicles",VLP,"Navarrabiomed, Oncoimmunology group",Pre-clinical,,Lentivirus; Baculovirus,,,,,,WHO,Spain,,,,,,,,,,,,,,
RBD-based,Protein Subunit,Neovii/Tel Aviv University,Pre-clinical,S;RBD,,,,,,,WHO,Switzerland,,,,,,,,,,,,,,
Protein subunit,Protein Subunit,Oncogen,Pre-clinical,S;M,Unknown,,,,,,WHO,Romania,,,,,,,,,,,,,,
VLP-recombinant protein + Adjuvant,Protein Subunit,"Osaka University/ BIKEN/ National Institutes of Biomedical Innovation, Japan",Pre-clinical,,Unknown,,,,,,WHO,Japan,,,,,,,,,,,,,,
Inactivated,Unknown,Osaka University/ BIKEN/ NIBIOHN,Pre-clinical,,Unknown,,,,,,WHO,Japan,,,,,,,,,,,,,,
VLP,Protein Subunit,OSIVAX,Pre-clinical,,Virus-Like Particle (VLP),Virus-Like Particle (VLP),,,,,WHO,France,,,,,,,,,,,,,,
OMV-based (Outer Membrane Vesicles) vaccine ,Protein Subunit,Quadram Institute Biosciences,Pre-clinical,,Outer Membrane Vesicle (OMV),Outer Membrane Vesicle (OMV),,Oral; Nasal,,,WHO,UK,,,,,,,,,,,,,,
Several mRNA candidates,mRNA,"RNAimmune, Inc.",Pre-clinical,,Unknown,,,,,,WHO,USA,,,,,,,,,,,,,,
"Virus-like particle, based on RBD displayed on virus- like particles",Protein Subunit,Saiba GmbH,Pre-clinical,S;RBD,Virus-Like Particle (VLP),Virus-Like Particle (VLP),,,,,WHO,Switzerland,,,,,,,,,,,,,,
"Recombinant protein, nanoparticles (based on S-protein and other epitopes)",Protein Subunit,Saint-Petersburg scientific research institute of vaccines and serums,Pre-clinical,S,Nanoparticle,Nanoparticle,,,,,WHO,Russia,,,,,,,,,,,,,,
"Recombinant protein, nanoparticles (based on S-protein and other epitopes)",Protein Subunit,Saint-Petersburg scientific research institute of vaccines and serums,Pre-clinical,S,Nanoparticle,Nanoparticle,,,,,WHO,Russia,,,,,,,,,,,,,,
Inactivated + CpG 1018,Inactivated,Sinovac/Dynavax,Pre-clinical,,Unknown,,CpG 1018,,,,WHO,China,,,,,,,,,,,,,,
Gene encoded antibody vaccine,mRNA,Sorrento Therapeutics/ SmartPharm Therapeutics,Pre-clinical,None (Gene encoded antibody),Nanoparticle,Nanoparticle,,,,,Regulatory Affairs Professional Society,USA,,,,,,,,,,,,,,
Oral Ad5 S,Non-Replicating Viral Vector,Stabilitech Biopharma Ltd,Pre-clinical,S,Unknown,,,,,,WHO,UK,,,,,,,,,,,,,,
DNA,DNA,Takis/Applied DNA Sciences/Evvivax,Pre-clinical,,Unknown,,,,,,WHO,Italy,,,,,,,,,,,,,,
Avian paramyxovirus vector (APMV),Replicating Viral Vector,"The Lancaster University, UK",Pre-clinical,,Avian paramyxovirus vector (APMV),,,,,,WHO,UK,,,,,,,,,,,,,,
Replicating viral vector,Replicating Viral Vector,The University of Hong Kong,Pre-clinical,S; RBD,Live Attenuated Influenza Virus,Live Attenuated Influenza Virus (LAIV),,Intranasal,,CEPI,Milken Institute,Hong Kong,,,,,,,,,,,,,,
Horsepox vector expressing S protein,Replicating Viral Vector,Tonix Pharma/Southern Research,Pre-clinical,S,Horsepox Vector,Horsepox vector,,,,,WHO,USA,,,,,,,,,,,,,,
LNP-mRNA,mRNA,Translate Bio/Sanofi Pasteur,Pre-clinical,,Lipid Nanoparticle,,,,,,WHO,USA,,,,,,,,,,,,,,
Unknown,Unknown,Tulane University,Pre-clinical,,Unknown,,,,,,WHO,USA,,,,,,,,,,,,,,
Unknown,Unknown,Université Laval,Pre-clinical,,Unknown,,,,,,WHO,Canada,,,,,,,,,,,,,,
Protein subunit,Protein Subunit,University of Alberta,Pre-clinical,S,Unknown,,,,,,WHO,Canada,,,,,,,,,,,,,,
Parainfluenza virus 5 (PIV5)-based vaccine expressing the spike protein,Non-Replicating Viral Vector,University of Georgia/University of Iowa,Pre-clinical,S,Parainfluenza Virus 5 (PIV5),Parainfluenza Virus 5 (PIV5),,,,,WHO,USA,,,,,,,,,,,,,,
Dendritic cell-based vaccine,Non-Replicating Viral Vector,University of Manitoba,Pre-clinical,,Dendritic Cells,,,,,,WHO,Canada,,,,,,,,,,,,,,
Microneedle arrays S1 subunit,Protein Subunit,University of Pittsburgh,Pre-clinical,S1,Unknown,,,Microneedle arrays,,,WHO,USA,https://www.thelancet.com/journals/ebiom/article/PIIS2352-3964(20)30118-3/fulltext,,,,,,,,,,,,,
VLPs peptides/whole virus,Whole virus,University of Sao Paulo,Pre-clinical,,,,,,,,WHO,Brazil,,,,,,,,,,,,,,
LNP-encapsulated mRNA,mRNA,University of Tokyo/ Daiichi-Sankyo,Pre-clinical,,Unknown,,,,,,WHO,Japan,,,,,,,,,,,,,,
Single dose replicating RNA vaccine ,Replicating RNA ,University of Washington/ Host Directed Therapeutics/PAI Life Sciences,Pre-clinical,S,Lipid InOrganic Nanoparticle (LION),Lipid InOrganic Nanoparticle (LION),Squalene,Intramuscular,,,University of Washington,USA,https://stm.sciencemag.org/content/early/2020/07/20/scitranslmed.abc9396 ,,https://www.biorxiv.org/content/10.1101/2020.05.28.121640v1.full.pdf,,,,,,,,,,,
VSV-S,Replicating Viral Vector,University of Western Ontario,Pre-clinical,S,Unknown,,,,,,WHO,Canada,,,,,,,,,,,,,,
M2-deficient single replication (M2SR) influenza vector,Replicating Viral Vector,UW–Madison/FluGen/Bharat Biotech,Pre-clinical,,Unknown,,,,,,WHO,USA,,,,,,,,,,,,,,
Recombinant S protein in IC-BEVS,Protein Subunit,Vabiotech,Pre-clinical,S,Unknown,,,,,,WHO,USA,,,,,,,,,,,,,,
adenovirus-based + HLA-matched peptides,Non-Replicating Viral Vector,Valo Therapeutics Ltd,Pre-clinical,,Adenovirus Vector,Adenovirus Vector,,,,,WHO,Finland,,,,,,,,,,,,,,
Peptide,Protein Subunit,Vaxil Bio,Pre-clinical,,Unknown ,,,,,,WHO,Canada,,,,,,,,,,,,,,
Subunit,Protein Subunit,"VIDO-InterVac, University of Saskatchewan",Pre-clinical,,Unknown,,,,,,WHO,Canada,,,,,,,,,,,,,,
Protein subunit,Protein Subunit,Yisheng Biopharma,Pre-clinical,,Unknown,,,,,,WHO,China,,,,,,,,,,,,,,
Replicating Viral Vector,Replicating Viral Vector,Zydus Cadila,Pre-clinical,,Live Attenuated Recombinant Measles virus,Live Attenuated Recombinant Measles virus,,,,,WHO,India,,,,,,,,,,,,,,
Protein subunit,Protein Subunit,"University of San Martin and CONICET, Argentina",Pre-clinical,,,,,,,,WHO,Argentina,,,,,,,,,,,,,,
DNA with electroporation,DNA,Chula Vaccine Research Center,Pre-clinical,,,,,,,,WHO,Thailand,,,,,,,,,,,,,,
"Plant-based subunit, (RBD-Fc + Adjuvant)",Protein Subunit,Baiya Phytopharm/Chula Vaccine Research Center,Pre-clinical,S;RBD-Fc,,,,,,,WHO,Thailand,,,,,,,,,,,,,,
"DNA plasmid vaccine S,S1,S2,RBD &N",DNA,"National Research Centre, Egypt",Pre-clinical,S1; S2;RBD; N,,,,,,,WHO,Egypt,,,,,,,,,,,,,,
Protein subunit,Protein Subunit,"Helix Biogen Consult, Ogbomoso & Trinity Immonoefficient Laboratory, Ogbomoso, Oyo State, Nigeria",Pre-clinical,,,,,,,,WHO,Nigeria,,,,,,,,,,,,,,
"Protein Subunit S,N,M&S1 protein",Protein Subunit,"National Research Centre, Egypt",Pre-clinical,,,,,,,,WHO,Egypt,,,,,,,,,,,,,,
Enveloped Virus-Like Particle (eVLP),VLP,VBI Vaccines Inc.,Pre-clinical,,Virus-Like Particle (VLP),,,,,,WHO,USA,,,,,,,,,,,,,,
S protein integrated in HIV VLPs,VLP,IrsiCaixa AIDS Research/IRTA- CReSA/Barcelona Supercomputing Centre/Grifols,Pre-clinical,S,Virus-Like Particle (VLP),,,,,,WHO,Spain,,,,,,,,,,,,,,
Unknown,Unknown,Adeleke University,Pre-clinical,,,,,,,,WHO,Nigeria,,,,,,,,,,,,,,
DNA,DNA,Ege University,Pre-clinical,,,,,,,,WHO,Turkey,,,,,,,,,,,,,,
DNA plasmid vaccine RBD&N,DNA,Scancell/University of Nottingham/ Nottingham Trent University,Pre-clinical,S;RBD; N,,,,,,,WHO,UK,,,,,,,,,,,,,,
msDNA vaccine,DNA,Mediphage Bioceuticals/University of Waterloo,Pre-clinical,,,,,,,,WHO,Canada,,,,,,,,,,,,,,
Inactivated + alum,Inactivated,KM Biologics,Pre-clinical,,,,Alum,,,,WHO,Japan,,,,,,,,,,,,,,
Inactivated,Inactivated,Selcuk University,Pre-clinical,,,,,,,,WHO,Turkey,,,,,,,,,,,,,,
Codon deoptimized live attenuated vaccines,Live Attenuated Virus,Mehmet Ali Aydinlar University / Acıbadem Labmed Health Services A.S.,Pre-clinical,,,,,,,,WHO,Turkey,,,,,,,,,,,,,,
Sendai virus vector,Non-Replicating Viral Vector,ID Pharma,Pre-clinical,,Sendai Virus Vector,,,,,,WHO,Japan,,,,,,,,,,,,,,
Adenovirus-based,Non-Replicating Viral Vector,Ankara University,Pre-clinical,,Adenovirus Vector,,,,,,WHO,Turkey,,,,,,,,,,,,,,
Recombinant S protein,Protein Subunit,Izmir Biomedicine and Genome Center,Pre-clinical,S,,,,,,,WHO,Turkey,,,,,,,,,,,,,,
Peptide + novel adjuvant,Protein Subunit,Bogazici University,Pre-clinical,,,,,,,,WHO,Turkey,,,,,,,,,,,,,,
S subunit intranasal liposomal formulation with GLA/3M052 adjs.,Protein Subunit,University of Virginia,Pre-clinical,S,Liposome,,GLA; 3M-052,Intranasal,,,WHO,USA,,,,,,,,,,,,,,
Spike-based (epitope screening),Protein Subunit,ImmunoPrecise/LiteVax BV,Pre-clinical,S,,,,,,,WHO,USA,,,,,,,,,,,,,,
Measles Vector,Replicating Viral Vector,Cadila Healthcare Limited,Pre-clinical,,Measles Vector,,,,,,WHO,India,,,,,,,,,,,,,,
mRNA,mRNA,Selcuk University,Pre-clinical,,,,,,,,WHO,Turkey,,,,,,,,,,,,,,
LNP-mRNA,mRNA,Translate Bio/Sanofi Pasteur,Pre-clinical,,Lipid Nanoparticle,,,,,,WHO,USA,,,,,,,,,,,,,,
LNP-mRNA,mRNA,Chula Vaccine Research Center/University of Pennsylvania,Pre-clinical,,,,,,,,WHO,Thailand,,,,,,,,,,,,,,
VLP,VLP,Middle East Technical University,Pre-clinical,,,,,,,,WHO,Turkey,,,,,,,,,,,,,,
Adeno5-based,Non-Replicating Viral Vector,Erciyes University,Pre-clinical,,Adenovirus Vector,Adenovirus Vector Type 5,,,,,WHO,Turkey,,,,,,,,,,,,,,
VSV-S,Replicating Viral Vector,Aurobindo,Pre-clinical,S,Recombinant Vesicular Stomatitis Virus (rVSV),,,,,,WHO,India,,,,,,,,,,,,,,
"DNA, engineered vaccine inserts compatible with multiple delivery systems",DNA,DIOSynVax Ltd / University of Cambridge,Pre-clinical,,,,,,,,WHO,UK,,,,,,,,,,,,,,
Recombinant S protein,Protein Subunit,Max-Planck-Institute of Colloids and Interfaces,Pre-clinical,S,,,,,,,WHO,Germany,,,,,,,,,,,,,,
RBD protein (baculovirus production) + FAR- Squalene adjuvant,Protein Subunit,Farmacológicos Veterinarios SAC (FARVET SAC) / Universidad Peruana Cayetano Heredia (UPCH),Pre-clinical,S;RBD,,,Squalene,,,,WHO,Peru,,,,,,,,,,,,,,
RBD-protein,Protein Subunit,Mynvax,Pre-clinical,S;RBD,,,,,,,WHO,India,,,,,,,,,,,,,,
Oral Salmonella enteritidis (3934Vac) based protein expression system of RBD,Replicating Bacteria Vector,Farmacológicos Veterinarios SAC (FARVET SAC) / Universidad Peruana Cayetano Heredia (UPCH),Pre-clinical,S;RBD,Oral Salmonella enteritidis,,,Oral,,,WHO,Peru,,,,,,,,,,,,,,
Influenza A H1N1 vector,Non-Replicating Viral Vector,"National Research Centre, Egypt",Pre-clinical,,Influenza Viral Vector,Influenza A H1N1 vector,,,,,WHO,Egypt,,,,,,,,,,,,,,
Inactivated Flu-based SARS-CoV2 vaccine + Adjuvant,Non-Replicating Viral Vector,"National Center for Genetic Engineering and Biotechnology (BIOTEC) /GPO, Thailand / IVAC, Vietnam / Institute Butantan",Pre-clinical,,Influenza Viral Vector,,,,,,WHO,Thailand,,,,,,,,,,,,,,
Newcastle disease virus expressing S,Non-Replicating Viral Vector,Icahn School of Medicine at Mount Sinai,Pre-clinical,S,New Castle Disease Virus (NCDV) Vector,,,,,,WHO,USA,https://www.biorxiv.org/content/10.1101/2020.07.26.221861v2,,,,,,,,,,,,,
RBD protein delivered in mannose- conjugated chitosan nanoparticle,Protein Subunit,Ohio State University / Kazakh National Agrarian University,Pre-clinical,S;RBD,,Chitosan Nanoparticle,,,,,WHO,USA,,,,,,,,,,,,,,
Recombinant spike protein with Essai O/W 1849101 adjuvant,Protein Subunit,Kazakh National Agrarian University,Pre-clinical,S,,,Essai O/W 1849101,,,,WHO,Kazakhstan,,,,,,,,,,,,,,
Peptides,Protein Subunit,Neo7Logic,Pre-clinical,,,,,,,,WHO,USA,,,,,,,,,,,,,,
Recombinant spike protein with Essai O/W 1849101 adjuvant,Protein Subunit,"Kazakh National Agrarian University, Kazakhstan / National Scientific Center for Especially Dangerous Infections",Pre-clinical,S,,,Essai O/W 1849101,,,,WHO,Kazakhstan,,,,,,,,,,,,,,
Recombinant S protein,Protein Subunit,Max-Planck-Institute of Colloids and Interfaces,Pre-clinical,S,,,,,,,WHO,Germany,,,,,,,,,,,,,,
saRNA formulated in a NLC,saRNA,"Infectious Disease Research Institute/ Amyris, Inc.",Pre-clinical,,,Nanostructured Lipid Carrier (NLC),,,,,WHO,USA,,,,,,,,,,,,,,
LNP-encapsulated mRNA encoding S,mRNA,Max-Planck-Institute of Colloids and Interfaces,Pre-clinical,S,,,,,,,WHO,Germany,,,,,,,,,,,,,,
RNA,saRNA,Gennova,Pre-clinical,,,,,,,,WHO,India,,,,,,,,,,,,,,
"CD8 T cell peptide targeting (S, M, N) and (NSPs) SARS-CoV-2 proteins",T-cell based,OSE immunotherapeutics,Pre-clinical,S;M;N;NSPs,T-cells,,,,,,WHO,France,,,,,,,,,,,,,,
VLP,VLP,Max Planck Institute for Dynamics of Complex Technical Systems,Pre-clinical,,Virus-Like Particle (VLP),,,,,,WHO,Germany,,,,,,,,,,,,,,
VLP,VLP,Bezmialem Vakif University,Pre-clinical,,Virus-Like Particle (VLP),,,,,,WHO,Turkey,,,,,,,,,,,,,,
"Plasmid DNA, nanostructured RBD",DNA,"National institute of Chemistry, Slovenia",Pre-clinical,S;RBD,,,,,,,WHO,Slovenia,,,,,,,,,,,,,,
"Egg-based, inactivated, whole chimeric Newcastle Disease Virus (NDV) expressing membrane-anchored pre-fusion-stabilized trimeric SARS-CoV-2 S protein (Hexapro) + CpG 1018",Inactivated,Institute of Vaccines and Medical Biologicals (IVAC; Vietnam) / Dynavax / PATH,Pre-clinical,S,New Castle Disease Virus (NCDV) Vector,,CpG 1018,,,,WHO,Vietnam,,,,,,,,,,,,,,
"Egg-based, inactivated, whole chimeric Newcastle Disease Virus (NDV) expressing membrane-anchored pre-fusion-stabilized trimeric SARS-CoV-2 S protein (Hexapro) + CpG 1018",Inactivated,Government Pharmaceutical Organization (GPO; Thailand) / Dynavax / PATH,Pre-clinical,S,New Castle Disease Virus (NCDV) Vector,,CpG 1018,,,,WHO,Thailand,,,,,,,,,,,,,,
"Egg-based, inactivated, whole chimeric Newcastle Disease Virus (NDV) expressing membrane-anchored pre-fusion-stabilized trimeric SARS-CoV-2 S protein (Hexapro) + CpG 1018",Inactivated,Institute Butantan (Brazil) / Dynavax / PATH,Pre-clinical,S,New Castle Disease Virus (NCDV) Vector,,CpG 1018,,,,WHO,Brazil,,,,,,,,,,,,,,
SCV-S,Non-Replicating Viral Vector,University of South Australia/ Sementis Ltd,Pre-clinical,S,Sementis Copenhagen Vector platform,,,Intramuscular,,,WHO,Australia,,,,,,,,,,,,,,
,,,,,,,,,,,,,,,,,,,,,,,,,,
,,,,,,,,,,,,,,,,,,,,,,,,,,
,,,,,,,,,,,,,,,,,,,,,,,,,,
,,,,,,,,,,,,,,,,,,,,,,,,,,
,,,,,,,,,,,,,,,,,,,,,,,,,,
,,,,,,,,,,,,,,,,,,,,,,,,,,
,,,,,,,,,,,,,,,,,,,,,,,,,,
,,,,,,,,,,,,,,,,,,,,,,,,,,
,,,,,,,,,,,,,,,,,,,,,,,,,,
,,,,,,,,,,,,,,,,,,,,,,,,,,
,,,,,,,,,,,,,,,,,,,,,,,,,,
,,,,,,,,,,,,,,,,,,,,,,,,,,
,,,,,,,,,,,,,,,,,,,,,,,,,,
,,,,,,,,,,,,,,,,,,,,,,,,,,
,,,,,,,,,,,,,,,,,,,,,,,,,,
,,,,,,,,,,,,,,,,,,,,,,,,,,
,,,,,,,,,,,,,,,,,,,,,,,,,,
,,,,,,,,,,,,,,,,,,,,,,,,,,
,,,,,,,,,,,,,,,,,,,,,,,,,,
,,,,,,,,,,,,,,,,,,,,,,,,,,
,,,,,,,,,,,,,,,,,,,,,,,,,,
,,,,,,,,,,,,,,,,,,,,,,,,,,
,,,,,,,,,,,,,,,,,,,,,,,,,,
,,,,,,,,,,,,,,,,,,,,,,,,,,
,,,,,,,,,,,,,,,,,,,,,,,,,,
,,,,,,,,,,,,,,,,,,,,,,,,,,
,,,,,,,,,,,,,,,,,,,,,,,,,,
,,,,,,,,,,,,,,,,,,,,,,,,,,
,,,,,,,,,,,,,,,,,,,,,,,,,,
,,,,,,,,,,,,,,,,,,,,,,,,,,
,,,,,,,,,,,,,,,,,,,,,,,,,,
,,,,,,,,,,,,,,,,,,,,,,,,,,
,,,,,,,,,,,,,,,,,,,,,,,,,,
,,,,,,,,,,,,,,,,,,,,,,,,,,
,,,,,,,,,,,,,,,,,,,,,,,,,,
,,,,,,,,,,,,,,,,,,,,,,,,,,
,,,,,,,,,,,,,,,,,,,,,,,,,,
,,,,,,,,,,,,,,,,,,,,,,,,,,
,,,,,,,,,,,,,,,,,,,,,,,,,,
,,,,,,,,,,,,,,,,,,,,,,,,,,
,,,,,,,,,,,,,,,,,,,,,,,,,,
,,,,,,,,,,,,,,,,,,,,,,,,,,
,,,,,,,,,,,,,,,,,,,,,,,,,,
,,,,,,,,,,,,,,,,,,,,,,,,,,
,,,,,,,,,,,,,,,,,,,,,,,,,,
,,,,,,,,,,,,,,,,,,,,,,,,,,
,,,,,,,,,,,,,,,,,,,,,,,,,,
,,,,,,,,,,,,,,,,,,,,,,,,,,
,,,,,,,,,,,,,,,,,,,,,,,,,,
,,,,,,,,,,,,,,,,,,,,,,,,,,
,,,,,,,,,,,,,,,,,,,,,,,,,,
,,,,,,,,,,,,,,,,,,,,,,,,,,
,,,,,,,,,,,,,,,,,,,,,,,,,,
,,,,,,,,,,,,,,,,,,,,,,,,,,
,,,,,,,,,,,,,,,,,,,,,,,,,,
,,,,,,,,,,,,,,,,,,,,,,,,,,
,,,,,,,,,,,,,,,,,,,,,,,,,,
,,,,,,,,,,,,,,,,,,,,,,,,,,
,,,,,,,,,,,,,,,,,,,,,,,,,,
,,,,,,,,,,,,,,,,,,,,,,,,,,
,,,,,,,,,,,,,,,,,,,,,,,,,,
,,,,,,,,,,,,,,,,,,,,,,,,,,
,,,,,,,,,,,,,,,,,,,,,,,,,,
,,,,,,,,,,,,,,,,,,,,,,,,,,
,,,,,,,,,,,,,,,,,,,,,,,,,,
,,,,,,,,,,,,,,,,,,,,,,,,,,
,,,,,,,,,,,,,,,,,,,,,,,,,,
,,,,,,,,,,,,,,,,,,,,,,,,,,
,,,,,,,,,,,,,,,,,,,,,,,,,,
,,,,,,,,,,,,,,,,,,,,,,,,,,
,,,,,,,,,,,,,,,,,,,,,,,,,,
,,,,,,,,,,,,,,,,,,,,,,,,,,
,,,,,,,,,,,,,,,,,,,,,,,,,,
,,,,,,,,,,,,,,,,,,,,,,,,,,
,,,,,,,,,,,,,,,,,,,,,,,,,,
,,,,,,,,,,,,,,,,,,,,,,,,,,
,,,,,,,,,,,,,,,,,,,,,,,,,,
,,,,,,,,,,,,,,,,,,,,,,,,,,
,,,,,,,,,,,,,,,,,,,,,,,,,,
,,,,,,,,,,,,,,,,,,,,,,,,,,
,,,,,,,,,,,,,,,,,,,,,,,,,,
,,,,,,,,,,,,,,,,,,,,,,,,,,
,,,,,,,,,,,,,,,,,,,,,,,,,,
,,,,,,,,,,,,,,,,,,,,,,,,,,
,,,,,,,,,,,,,,,,,,,,,,,,,,
,,,,,,,,,,,,,,,,,,,,,,,,,,
,,,,,,,,,,,,,,,,,,,,,,,,,,
,,,,,,,,,,,,,,,,,,,,,,,,,,
,,,,,,,,,,,,,,,,,,,,,,,,,,
,,,,,,,,,,,,,,,,,,,,,,,,,,
,,,,,,,,,,,,,,,,,,,,,,,,,,
,,,,,,,,,,,,,,,,,,,,,,,,,,
,,,,,,,,,,,,,,,,,,,,,,,,,,
,,,,,,,,,,,,,,,,,,,,,,,,,,
,,,,,,,,,,,,,,,,,,,,,,,,,,
,,,,,,,,,,,,,,,,,,,,,,,,,,
,,,,,,,,,,,,,,,,,,,,,,,,,,
,,,,,,,,,,,,,,,,,,,,,,,,,,
,,,,,,,,,,,,,,,,,,,,,,,,,,
,,,,,,,,,,,,,,,,,,,,,,,,,,
,,,,,,,,,,,,,,,,,,,,,,,,,,
,,,,,,,,,,,,,,,,,,,,,,,,,,
,,,,,,,,,,,,,,,,,,,,,,,,,,
,,,,,,,,,,,,,,,,,,,,,,,,,,
,,,,,,,,,,,,,,,,,,,,,,,,,,
,,,,,,,,,,,,,,,,,,,,,,,,,,
,,,,,,,,,,,,,,,,,,,,,,,,,,
,,,,,,,,,,,,,,,,,,,,,,,,,,
,,,,,,,,,,,,,,,,,,,,,,,,,,
,,,,,,,,,,,,,,,,,,,,,,,,,,
,,,,,,,,,,,,,,,,,,,,,,,,,,
,,,,,,,,,,,,,,,,,,,,,,,,,,
,,,,,,,,,,,,,,,,,,,,,,,,,,
,,,,,,,,,,,,,,,,,,,,,,,,,,
,,,,,,,,,,,,,,,,,,,,,,,,,,
,,,,,,,,,,,,,,,,,,,,,,,,,,
,,,,,,,,,,,,,,,,,,,,,,,,,,
,,,,,,,,,,,,,,,,,,,,,,,,,,
,,,,,,,,,,,,,,,,,,,,,,,,,,
,,,,,,,,,,,,,,,,,,,,,,,,,,
,,,,,,,,,,,,,,,,,,,,,,,,,,
,,,,,,,,,,,,,,,,,,,,,,,,,,
,,,,,,,,,,,,,,,,,,,,,,,,,,
,,,,,,,,,,,,,,,,,,,,,,,,,,
,,,,,,,,,,,,,,,,,,,,,,,,,,
,,,,,,,,,,,,,,,,,,,,,,,,,,
,,,,,,,,,,,,,,,,,,,,,,,,,,
,,,,,,,,,,,,,,,,,,,,,,,,,,
,,,,,,,,,,,,,,,,,,,,,,,,,,
,,,,,,,,,,,,,,,,,,,,,,,,,,
,,,,,,,,,,,,,,,,,,,,,,,,,,
,,,,,,,,,,,,,,,,,,,,,,,,,,
,,,,,,,,,,,,,,,,,,,,,,,,,,
,,,,,,,,,,,,,,,,,,,,,,,,,,
,,,,,,,,,,,,,,,,,,,,,,,,,,
,,,,,,,,,,,,,,,,,,,,,,,,,,
,,,,,,,,,,,,,,,,,,,,,,,,,,
,,,,,,,,,,,,,,,,,,,,,,,,,,
,,,,,,,,,,,,,,,,,,,,,,,,,,
,,,,,,,,,,,,,,,,,,,,,,,,,,
,,,,,,,,,,,,,,,,,,,,,,,,,,
,,,,,,,,,,,,,,,,,,,,,,,,,,
,,,,,,,,,,,,,,,,,,,,,,,,,,
,,,,,,,,,,,,,,,,,,,,,,,,,,
,,,,,,,,,,,,,,,,,,,,,,,,,,
,,,,,,,,,,,,,,,,,,,,,,,,,,
,,,,,,,,,,,,,,,,,,,,,,,,,,
,,,,,,,,,,,,,,,,,,,,,,,,,,
,,,,,,,,,,,,,,,,,,,,,,,,,,
,,,,,,,,,,,,,,,,,,,,,,,,,,
,,,,,,,,,,,,,,,,,,,,,,,,,,
,,,,,,,,,,,,,,,,,,,,,,,,,,
,,,,,,,,,,,,,,,,,,,,,,,,,,
,,,,,,,,,,,,,,,,,,,,,,,,,,
,,,,,,,,,,,,,,,,,,,,,,,,,,
,,,,,,,,,,,,,,,,,,,,,,,,,,
,,,,,,,,,,,,,,,,,,,,,,,,,,
,,,,,,,,,,,,,,,,,,,,,,,,,,
,,,,,,,,,,,,,,,,,,,,,,,,,,
,,,,,,,,,,,,,,,,,,,,,,,,,,
,,,,,,,,,,,,,,,,,,,,,,,,,,
,,,,,,,,,,,,,,,,,,,,,,,,,,
,,,,,,,,,,,,,,,,,,,,,,,,,,
,,,,,,,,,,,,,,,,,,,,,,,,,,
,,,,,,,,,,,,,,,,,,,,,,,,,,
,,,,,,,,,,,,,,,,,,,,,,,,,,
,,,,,,,,,,,,,,,,,,,,,,,,,,
,,,,,,,,,,,,,,,,,,,,,,,,,,
,,,,,,,,,,,,,,,,,,,,,,,,,,
,,,,,,,,,,,,,,,,,,,,,,,,,,
,,,,,,,,,,,,,,,,,,,,,,,,,,
,,,,,,,,,,,,,,,,,,,,,,,,,,
,,,,,,,,,,,,,,,,,,,,,,,,,,
,,,,,,,,,,,,,,,,,,,,,,,,,,
,,,,,,,,,,,,,,,,,,,,,,,,,,
,,,,,,,,,,,,,,,,,,,,,,,,,,
,,,,,,,,,,,,,,,,,,,,,,,,,,
,,,,,,,,,,,,,,,,,,,,,,,,,,
,,,,,,,,,,,,,,,,,,,,,,,,,,
,,,,,,,,,,,,,,,,,,,,,,,,,,
,,,,,,,,,,,,,,,,,,,,,,,,,,
,,,,,,,,,,,,,,,,,,,,,,,,,,
,,,,,,,,,,,,,,,,,,,,,,,,,,
,,,,,,,,,,,,,,,,,,,,,,,,,,
,,,,,,,,,,,,,,,,,,,,,,,,,,
,,,,,,,,,,,,,,,,,,,,,,,,,,
,,,,,,,,,,,,,,,,,,,,,,,,,,
,,,,,,,,,,,,,,,,,,,,,,,,,,
,,,,,,,,,,,,,,,,,,,,,,,,,,
,,,,,,,,,,,,,,,,,,,,,,,,,,
,,,,,,,,,,,,,,,,,,,,,,,,,,
,,,,,,,,,,,,,,,,,,,,,,,,,,
,,,,,,,,,,,,,,,,,,,,,,,,,,
,,,,,,,,,,,,,,,,,,,,,,,,,,
,,,,,,,,,,,,,,,,,,,,,,,,,,
,,,,,,,,,,,,,,,,,,,,,,,,,,
,,,,,,,,,,,,,,,,,,,,,,,,,,
,,,,,,,,,,,,,,,,,,,,,,,,,,
,,,,,,,,,,,,,,,,,,,,,,,,,,
,,,,,,,,,,,,,,,,,,,,,,,,,,
,,,,,,,,,,,,,,,,,,,,,,,,,,
,,,,,,,,,,,,,,,,,,,,,,,,,,
,,,,,,,,,,,,,,,,,,,,,,,,,,
,,,,,,,,,,,,,,,,,,,,,,,,,,
,,,,,,,,,,,,,,,,,,,,,,,,,,
,,,,,,,,,,,,,,,,,,,,,,,,,,
,,,,,,,,,,,,,,,,,,,,,,,,,,
,,,,,,,,,,,,,,,,,,,,,,,,,,
,,,,,,,,,,,,,,,,,,,,,,,,,,
,,,,,,,,,,,,,,,,,,,,,,,,,,
,,,,,,,,,,,,,,,,,,,,,,,,,,
,,,,,,,,,,,,,,,,,,,,,,,,,,
,,,,,,,,,,,,,,,,,,,,,,,,,,
,,,,,,,,,,,,,,,,,,,,,,,,,,
,,,,,,,,,,,,,,,,,,,,,,,,,,
,,,,,,,,,,,,,,,,,,,,,,,,,,
,,,,,,,,,,,,,,,,,,,,,,,,,,
,,,,,,,,,,,,,,,,,,,,,,,,,,
,,,,,,,,,,,,,,,,,,,,,,,,,,
,,,,,,,,,,,,,,,,,,,,,,,,,,
,,,,,,,,,,,,,,,,,,,,,,,,,,
,,,,,,,,,,,,,,,,,,,,,,,,,,
,,,,,,,,,,,,,,,,,,,,,,,,,,
,,,,,,,,,,,,,,,,,,,,,,,,,,
,,,,,,,,,,,,,,,,,,,,,,,,,,
,,,,,,,,,,,,,,,,,,,,,,,,,,
,,,,,,,,,,,,,,,,,,,,,,,,,,
,,,,,,,,,,,,,,,,,,,,,,,,,,
,,,,,,,,,,,,,,,,,,,,,,,,,,
,,,,,,,,,,,,,,,,,,,,,,,,,,
,,,,,,,,,,,,,,,,,,,,,,,,,,
,,,,,,,,,,,,,,,,,,,,,,,,,,
,,,,,,,,,,,,,,,,,,,,,,,,,,
,,,,,,,,,,,,,,,,,,,,,,,,,,
,,,,,,,,,,,,,,,,,,,,,,,,,,
,,,,,,,,,,,,,,,,,,,,,,,,,,
,,,,,,,,,,,,,,,,,,,,,,,,,,
,,,,,,,,,,,,,,,,,,,,,,,,,,
,,,,,,,,,,,,,,,,,,,,,,,,,,
,,,,,,,,,,,,,,,,,,,,,,,,,,
,,,,,,,,,,,,,,,,,,,,,,,,,,
,,,,,,,,,,,,,,,,,,,,,,,,,,
,,,,,,,,,,,,,,,,,,,,,,,,,,
,,,,,,,,,,,,,,,,,,,,,,,,,,
,,,,,,,,,,,,,,,,,,,,,,,,,,
,,,,,,,,,,,,,,,,,,,,,,,,,,
,,,,,,,,,,,,,,,,,,,,,,,,,,
,,,,,,,,,,,,,,,,,,,,,,,,,,
,,,,,,,,,,,,,,,,,,,,,,,,,,
,,,,,,,,,,,,,,,,,,,,,,,,,,
,,,,,,,,,,,,,,,,,,,,,,,,,,
,,,,,,,,,,,,,,,,,,,,,,,,,,
,,,,,,,,,,,,,,,,,,,,,,,,,,
,,,,,,,,,,,,,,,,,,,,,,,,,,
,,,,,,,,,,,,,,,,,,,,,,,,,,
,,,,,,,,,,,,,,,,,,,,,,,,,,
,,,,,,,,,,,,,,,,,,,,,,,,,,
,,,,,,,,,,,,,,,,,,,,,,,,,,
,,,,,,,,,,,,,,,,,,,,,,,,,,
,,,,,,,,,,,,,,,,,,,,,,,,,,
,,,,,,,,,,,,,,,,,,,,,,,,,,
,,,,,,,,,,,,,,,,,,,,,,,,,,
,,,,,,,,,,,,,,,,,,,,,,,,,,
,,,,,,,,,,,,,,,,,,,,,,,,,,
,,,,,,,,,,,,,,,,,,,,,,,,,,
,,,,,,,,,,,,,,,,,,,,,,,,,,
,,,,,,,,,,,,,,,,,,,,,,,,,,
,,,,,,,,,,,,,,,,,,,,,,,,,,
,,,,,,,,,,,,,,,,,,,,,,,,,,
,,,,,,,,,,,,,,,,,,,,,,,,,,
,,,,,,,,,,,,,,,,,,,,,,,,,,
,,,,,,,,,,,,,,,,,,,,,,,,,,
,,,,,,,,,,,,,,,,,,,,,,,,,,
,,,,,,,,,,,,,,,,,,,,,,,,,,
,,,,,,,,,,,,,,,,,,,,,,,,,,
,,,,,,,,,,,,,,,,,,,,,,,,,,
,,,,,,,,,,,,,,,,,,,,,,,,,,
,,,,,,,,,,,,,,,,,,,,,,,,,,
,,,,,,,,,,,,,,,,,,,,,,,,,,
,,,,,,,,,,,,,,,,,,,,,,,,,,
,,,,,,,,,,,,,,,,,,,,,,,,,,
,,,,,,,,,,,,,,,,,,,,,,,,,,
,,,,,,,,,,,,,,,,,,,,,,,,,,
,,,,,,,,,,,,,,,,,,,,,,,,,,
,,,,,,,,,,,,,,,,,,,,,,,,,,
,,,,,,,,,,,,,,,,,,,,,,,,,,
,,,,,,,,,,,,,,,,,,,,,,,,,,
,,,,,,,,,,,,,,,,,,,,,,,,,,
,,,,,,,,,,,,,,,,,,,,,,,,,,
,,,,,,,,,,,,,,,,,,,,,,,,,,
,,,,,,,,,,,,,,,,,,,,,,,,,,
,,,,,,,,,,,,,,,,,,,,,,,,,,
,,,,,,,,,,,,,,,,,,,,,,,,,,
,,,,,,,,,,,,,,,,,,,,,,,,,,
,,,,,,,,,,,,,,,,,,,,,,,,,,
,,,,,,,,,,,,,,,,,,,,,,,,,,
,,,,,,,,,,,,,,,,,,,,,,,,,,
,,,,,,,,,,,,,,,,,,,,,,,,,,
,,,,,,,,,,,,,,,,,,,,,,,,,,
,,,,,,,,,,,,,,,,,,,,,,,,,,
,,,,,,,,,,,,,,,,,,,,,,,,,,
,,,,,,,,,,,,,,,,,,,,,,,,,,
,,,,,,,,,,,,,,,,,,,,,,,,,,
,,,,,,,,,,,,,,,,,,,,,,,,,,
,,,,,,,,,,,,,,,,,,,,,,,,,,
,,,,,,,,,,,,,,,,,,,,,,,,,,
,,,,,,,,,,,,,,,,,,,,,,,,,,
,,,,,,,,,,,,,,,,,,,,,,,,,,
,,,,,,,,,,,,,,,,,,,,,,,,,,
,,,,,,,,,,,,,,,,,,,,,,,,,,
,,,,,,,,,,,,,,,,,,,,,,,,,,
,,,,,,,,,,,,,,,,,,,,,,,,,,
,,,,,,,,,,,,,,,,,,,,,,,,,,
,,,,,,,,,,,,,,,,,,,,,,,,,,
,,,,,,,,,,,,,,,,,,,,,,,,,,
,,,,,,,,,,,,,,,,,,,,,,,,,,
,,,,,,,,,,,,,,,,,,,,,,,,,,
,,,,,,,,,,,,,,,,,,,,,,,,,,
,,,,,,,,,,,,,,,,,,,,,,,,,,
,,,,,,,,,,,,,,,,,,,,,,,,,,
,,,,,,,,,,,,,,,,,,,,,,,,,,
,,,,,,,,,,,,,,,,,,,,,,,,,,
,,,,,,,,,,,,,,,,,,,,,,,,,,
,,,,,,,,,,,,,,,,,,,,,,,,,,
,,,,,,,,,,,,,,,,,,,,,,,,,,
,,,,,,,,,,,,,,,,,,,,,,,,,,
,,,,,,,,,,,,,,,,,,,,,,,,,,
,,,,,,,,,,,,,,,,,,,,,,,,,,
,,,,,,,,,,,,,,,,,,,,,,,,,,
,,,,,,,,,,,,,,,,,,,,,,,,,,
,,,,,,,,,,,,,,,,,,,,,,,,,,
,,,,,,,,,,,,,,,,,,,,,,,,,,
,,,,,,,,,,,,,,,,,,,,,,,,,,
,,,,,,,,,,,,,,,,,,,,,,,,,,
,,,,,,,,,,,,,,,,,,,,,,,,,,
,,,,,,,,,,,,,,,,,,,,,,,,,,
,,,,,,,,,,,,,,,,,,,,,,,,,,
,,,,,,,,,,,,,,,,,,,,,,,,,,
,,,,,,,,,,,,,,,,,,,,,,,,,,
,,,,,,,,,,,,,,,,,,,,,,,,,,
,,,,,,,,,,,,,,,,,,,,,,,,,,
,,,,,,,,,,,,,,,,,,,,,,,,,,
,,,,,,,,,,,,,,,,,,,,,,,,,,
,,,,,,,,,,,,,,,,,,,,,,,,,,
,,,,,,,,,,,,,,,,,,,,,,,,,,
,,,,,,,,,,,,,,,,,,,,,,,,,,
,,,,,,,,,,,,,,,,,,,,,,,,,,
,,,,,,,,,,,,,,,,,,,,,,,,,,
,,,,,,,,,,,,,,,,,,,,,,,,,,
,,,,,,,,,,,,,,,,,,,,,,,,,,
,,,,,,,,,,,,,,,,,,,,,,,,,,
,,,,,,,,,,,,,,,,,,,,,,,,,,
,,,,,,,,,,,,,,,,,,,,,,,,,,
,,,,,,,,,,,,,,,,,,,,,,,,,,
,,,,,,,,,,,,,,,,,,,,,,,,,,
,,,,,,,,,,,,,,,,,,,,,,,,,,
,,,,,,,,,,,,,,,,,,,,,,,,,,
,,,,,,,,,,,,,,,,,,,,,,,,,,
,,,,,,,,,,,,,,,,,,,,,,,,,,
,,,,,,,,,,,,,,,,,,,,,,,,,,
,,,,,,,,,,,,,,,,,,,,,,,,,,
,,,,,,,,,,,,,,,,,,,,,,,,,,
,,,,,,,,,,,,,,,,,,,,,,,,,,
,,,,,,,,,,,,,,,,,,,,,,,,,,
,,,,,,,,,,,,,,,,,,,,,,,,,,
,,,,,,,,,,,,,,,,,,,,,,,,,,
,,,,,,,,,,,,,,,,,,,,,,,,,,
,,,,,,,,,,,,,,,,,,,,,,,,,,
,,,,,,,,,,,,,,,,,,,,,,,,,,
,,,,,,,,,,,,,,,,,,,,,,,,,,
,,,,,,,,,,,,,,,,,,,,,,,,,,
,,,,,,,,,,,,,,,,,,,,,,,,,,
,,,,,,,,,,,,,,,,,,,,,,,,,,
,,,,,,,,,,,,,,,,,,,,,,,,,,
,,,,,,,,,,,,,,,,,,,,,,,,,,
,,,,,,,,,,,,,,,,,,,,,,,,,,
,,,,,,,,,,,,,,,,,,,,,,,,,,
,,,,,,,,,,,,,,,,,,,,,,,,,,
,,,,,,,,,,,,,,,,,,,,,,,,,,
,,,,,,,,,,,,,,,,,,,,,,,,,,
,,,,,,,,,,,,,,,,,,,,,,,,,,
,,,,,,,,,,,,,,,,,,,,,,,,,,
,,,,,,,,,,,,,,,,,,,,,,,,,,
,,,,,,,,,,,,,,,,,,,,,,,,,,
,,,,,,,,,,,,,,,,,,,,,,,,,,
,,,,,,,,,,,,,,,,,,,,,,,,,,
,,,,,,,,,,,,,,,,,,,,,,,,,,
,,,,,,,,,,,,,,,,,,,,,,,,,,
,,,,,,,,,,,,,,,,,,,,,,,,,,
,,,,,,,,,,,,,,,,,,,,,,,,,,
,,,,,,,,,,,,,,,,,,,,,,,,,,
,,,,,,,,,,,,,,,,,,,,,,,,,,
,,,,,,,,,,,,,,,,,,,,,,,,,,
,,,,,,,,,,,,,,,,,,,,,,,,,,
,,,,,,,,,,,,,,,,,,,,,,,,,,
,,,,,,,,,,,,,,,,,,,,,,,,,,
,,,,,,,,,,,,,,,,,,,,,,,,,,
,,,,,,,,,,,,,,,,,,,,,,,,,,
,,,,,,,,,,,,,,,,,,,,,,,,,,
,,,,,,,,,,,,,,,,,,,,,,,,,,
,,,,,,,,,,,,,,,,,,,,,,,,,,
,,,,,,,,,,,,,,,,,,,,,,,,,,
,,,,,,,,,,,,,,,,,,,,,,,,,,
,,,,,,,,,,,,,,,,,,,,,,,,,,
,,,,,,,,,,,,,,,,,,,,,,,,,,
,,,,,,,,,,,,,,,,,,,,,,,,,,
,,,,,,,,,,,,,,,,,,,,,,,,,,
,,,,,,,,,,,,,,,,,,,,,,,,,,
,,,,,,,,,,,,,,,,,,,,,,,,,,
,,,,,,,,,,,,,,,,,,,,,,,,,,
,,,,,,,,,,,,,,,,,,,,,,,,,,
,,,,,,,,,,,,,,,,,,,,,,,,,,
,,,,,,,,,,,,,,,,,,,,,,,,,,
,,,,,,,,,,,,,,,,,,,,,,,,,,
,,,,,,,,,,,,,,,,,,,,,,,,,,
,,,,,,,,,,,,,,,,,,,,,,,,,,
,,,,,,,,,,,,,,,,,,,,,,,,,,
,,,,,,,,,,,,,,,,,,,,,,,,,,
,,,,,,,,,,,,,,,,,,,,,,,,,,
,,,,,,,,,,,,,,,,,,,,,,,,,,
,,,,,,,,,,,,,,,,,,,,,,,,,,
,,,,,,,,,,,,,,,,,,,,,,,,,,
,,,,,,,,,,,,,,,,,,,,,,,,,,
,,,,,,,,,,,,,,,,,,,,,,,,,,
,,,,,,,,,,,,,,,,,,,,,,,,,,
,,,,,,,,,,,,,,,,,,,,,,,,,,
,,,,,,,,,,,,,,,,,,,,,,,,,,
,,,,,,,,,,,,,,,,,,,,,,,,,,
,,,,,,,,,,,,,,,,,,,,,,,,,,
,,,,,,,,,,,,,,,,,,,,,,,,,,
,,,,,,,,,,,,,,,,,,,,,,,,,,
,,,,,,,,,,,,,,,,,,,,,,,,,,
,,,,,,,,,,,,,,,,,,,,,,,,,,
,,,,,,,,,,,,,,,,,,,,,,,,,,
,,,,,,,,,,,,,,,,,,,,,,,,,,
,,,,,,,,,,,,,,,,,,,,,,,,,,
,,,,,,,,,,,,,,,,,,,,,,,,,,
,,,,,,,,,,,,,,,,,,,,,,,,,,
,,,,,,,,,,,,,,,,,,,,,,,,,,
,,,,,,,,,,,,,,,,,,,,,,,,,,
,,,,,,,,,,,,,,,,,,,,,,,,,,
,,,,,,,,,,,,,,,,,,,,,,,,,,
,,,,,,,,,,,,,,,,,,,,,,,,,,
,,,,,,,,,,,,,,,,,,,,,,,,,,
,,,,,,,,,,,,,,,,,,,,,,,,,,
,,,,,,,,,,,,,,,,,,,,,,,,,,
,,,,,,,,,,,,,,,,,,,,,,,,,,
,,,,,,,,,,,,,,,,,,,,,,,,,,
,,,,,,,,,,,,,,,,,,,,,,,,,,
,,,,,,,,,,,,,,,,,,,,,,,,,,
,,,,,,,,,,,,,,,,,,,,,,,,,,
,,,,,,,,,,,,,,,,,,,,,,,,,,
,,,,,,,,,,,,,,,,,,,,,,,,,,
,,,,,,,,,,,,,,,,,,,,,,,,,,
,,,,,,,,,,,,,,,,,,,,,,,,,,
,,,,,,,,,,,,,,,,,,,,,,,,,,
,,,,,,,,,,,,,,,,,,,,,,,,,,
,,,,,,,,,,,,,,,,,,,,,,,,,,
,,,,,,,,,,,,,,,,,,,,,,,,,,
,,,,,,,,,,,,,,,,,,,,,,,,,,
,,,,,,,,,,,,,,,,,,,,,,,,,,
,,,,,,,,,,,,,,,,,,,,,,,,,,
,,,,,,,,,,,,,,,,,,,,,,,,,,
,,,,,,,,,,,,,,,,,,,,,,,,,,
,,,,,,,,,,,,,,,,,,,,,,,,,,
,,,,,,,,,,,,,,,,,,,,,,,,,,
,,,,,,,,,,,,,,,,,,,,,,,,,,
,,,,,,,,,,,,,,,,,,,,,,,,,,
,,,,,,,,,,,,,,,,,,,,,,,,,,
,,,,,,,,,,,,,,,,,,,,,,,,,,
,,,,,,,,,,,,,,,,,,,,,,,,,,
,,,,,,,,,,,,,,,,,,,,,,,,,,
,,,,,,,,,,,,,,,,,,,,,,,,,,
,,,,,,,,,,,,,,,,,,,,,,,,,,
,,,,,,,,,,,,,,,,,,,,,,,,,,
,,,,,,,,,,,,,,,,,,,,,,,,,,
,,,,,,,,,,,,,,,,,,,,,,,,,,
,,,,,,,,,,,,,,,,,,,,,,,,,,
,,,,,,,,,,,,,,,,,,,,,,,,,,
,,,,,,,,,,,,,,,,,,,,,,,,,,
,,,,,,,,,,,,,,,,,,,,,,,,,,
,,,,,,,,,,,,,,,,,,,,,,,,,,
,,,,,,,,,,,,,,,,,,,,,,,,,,
,,,,,,,,,,,,,,,,,,,,,,,,,,
,,,,,,,,,,,,,,,,,,,,,,,,,,
,,,,,,,,,,,,,,,,,,,,,,,,,,
,,,,,,,,,,,,,,,,,,,,,,,,,,
,,,,,,,,,,,,,,,,,,,,,,,,,,
,,,,,,,,,,,,,,,,,,,,,,,,,,
,,,,,,,,,,,,,,,,,,,,,,,,,,
,,,,,,,,,,,,,,,,,,,,,,,,,,
,,,,,,,,,,,,,,,,,,,,,,,,,,
,,,,,,,,,,,,,,,,,,,,,,,,,,
,,,,,,,,,,,,,,,,,,,,,,,,,,
,,,,,,,,,,,,,,,,,,,,,,,,,,
,,,,,,,,,,,,,,,,,,,,,,,,,,
,,,,,,,,,,,,,,,,,,,,,,,,,,
,,,,,,,,,,,,,,,,,,,,,,,,,,
,,,,,,,,,,,,,,,,,,,,,,,,,,
,,,,,,,,,,,,,,,,,,,,,,,,,,
,,,,,,,,,,,,,,,,,,,,,,,,,,
,,,,,,,,,,,,,,,,,,,,,,,,,,
,,,,,,,,,,,,,,,,,,,,,,,,,,
,,,,,,,,,,,,,,,,,,,,,,,,,,
,,,,,,,,,,,,,,,,,,,,,,,,,,
,,,,,,,,,,,,,,,,,,,,,,,,,,
,,,,,,,,,,,,,,,,,,,,,,,,,,
,,,,,,,,,,,,,,,,,,,,,,,,,,
,,,,,,,,,,,,,,,,,,,,,,,,,,
,,,,,,,,,,,,,,,,,,,,,,,,,,
,,,,,,,,,,,,,,,,,,,,,,,,,,
,,,,,,,,,,,,,,,,,,,,,,,,,,
,,,,,,,,,,,,,,,,,,,,,,,,,,
,,,,,,,,,,,,,,,,,,,,,,,,,,
,,,,,,,,,,,,,,,,,,,,,,,,,,
,,,,,,,,,,,,,,,,,,,,,,,,,,
,,,,,,,,,,,,,,,,,,,,,,,,,,
,,,,,,,,,,,,,,,,,,,,,,,,,,
,,,,,,,,,,,,,,,,,,,,,,,,,,
,,,,,,,,,,,,,,,,,,,,,,,,,,
,,,,,,,,,,,,,,,,,,,,,,,,,,
,,,,,,,,,,,,,,,,,,,,,,,,,,
,,,,,,,,,,,,,,,,,,,,,,,,,,
,,,,,,,,,,,,,,,,,,,,,,,,,,
,,,,,,,,,,,,,,,,,,,,,,,,,,
,,,,,,,,,,,,,,,,,,,,,,,,,,
,,,,,,,,,,,,,,,,,,,,,,,,,,
,,,,,,,,,,,,,,,,,,,,,,,,,,
,,,,,,,,,,,,,,,,,,,,,,,,,,
,,,,,,,,,,,,,,,,,,,,,,,,,,
,,,,,,,,,,,,,,,,,,,,,,,,,,
,,,,,,,,,,,,,,,,,,,,,,,,,,
,,,,,,,,,,,,,,,,,,,,,,,,,,
,,,,,,,,,,,,,,,,,,,,,,,,,,
,,,,,,,,,,,,,,,,,,,,,,,,,,
,,,,,,,,,,,,,,,,,,,,,,,,,,
,,,,,,,,,,,,,,,,,,,,,,,,,,
,,,,,,,,,,,,,,,,,,,,,,,,,,
,,,,,,,,,,,,,,,,,,,,,,,,,,
,,,,,,,,,,,,,,,,,,,,,,,,,,
,,,,,,,,,,,,,,,,,,,,,,,,,,
,,,,,,,,,,,,,,,,,,,,,,,,,,
,,,,,,,,,,,,,,,,,,,,,,,,,,
,,,,,,,,,,,,,,,,,,,,,,,,,,
,,,,,,,,,,,,,,,,,,,,,,,,,,
,,,,,,,,,,,,,,,,,,,,,,,,,,
,,,,,,,,,,,,,,,,,,,,,,,,,,
,,,,,,,,,,,,,,,,,,,,,,,,,,
,,,,,,,,,,,,,,,,,,,,,,,,,,
,,,,,,,,,,,,,,,,,,,,,,,,,,
,,,,,,,,,,,,,,,,,,,,,,,,,,
,,,,,,,,,,,,,,,,,,,,,,,,,,
,,,,,,,,,,,,,,,,,,,,,,,,,,
,,,,,,,,,,,,,,,,,,,,,,,,,,
,,,,,,,,,,,,,,,,,,,,,,,,,,
,,,,,,,,,,,,,,,,,,,,,,,,,,
,,,,,,,,,,,,,,,,,,,,,,,,,,
,,,,,,,,,,,,,,,,,,,,,,,,,,
,,,,,,,,,,,,,,,,,,,,,,,,,,
,,,,,,,,,,,,,,,,,,,,,,,,,,
,,,,,,,,,,,,,,,,,,,,,,,,,,
,,,,,,,,,,,,,,,,,,,,,,,,,,
,,,,,,,,,,,,,,,,,,,,,,,,,,
,,,,,,,,,,,,,,,,,,,,,,,,,,
,,,,,,,,,,,,,,,,,,,,,,,,,,
,,,,,,,,,,,,,,,,,,,,,,,,,,
,,,,,,,,,,,,,,,,,,,,,,,,,,
,,,,,,,,,,,,,,,,,,,,,,,,,,
,,,,,,,,,,,,,,,,,,,,,,,,,,
,,,,,,,,,,,,,,,,,,,,,,,,,,
,,,,,,,,,,,,,,,,,,,,,,,,,,
,,,,,,,,,,,,,,,,,,,,,,,,,,
,,,,,,,,,,,,,,,,,,,,,,,,,,
,,,,,,,,,,,,,,,,,,,,,,,,,,
,,,,,,,,,,,,,,,,,,,,,,,,,,
,,,,,,,,,,,,,,,,,,,,,,,,,,
,,,,,,,,,,,,,,,,,,,,,,,,,,
,,,,,,,,,,,,,,,,,,,,,,,,,,
,,,,,,,,,,,,,,,,,,,,,,,,,,
,,,,,,,,,,,,,,,,,,,,,,,,,,
,,,,,,,,,,,,,,,,,,,,,,,,,,
,,,,,,,,,,,,,,,,,,,,,,,,,,
,,,,,,,,,,,,,,,,,,,,,,,,,,
,,,,,,,,,,,,,,,,,,,,,,,,,,
,,,,,,,,,,,,,,,,,,,,,,,,,,
,,,,,,,,,,,,,,,,,,,,,,,,,,
,,,,,,,,,,,,,,,,,,,,,,,,,,
,,,,,,,,,,,,,,,,,,,,,,,,,,
,,,,,,,,,,,,,,,,,,,,,,,,,,
,,,,,,,,,,,,,,,,,,,,,,,,,,
,,,,,,,,,,,,,,,,,,,,,,,,,,
,,,,,,,,,,,,,,,,,,,,,,,,,,
,,,,,,,,,,,,,,,,,,,,,,,,,,
,,,,,,,,,,,,,,,,,,,,,,,,,,
,,,,,,,,,,,,,,,,,,,,,,,,,,
,,,,,,,,,,,,,,,,,,,,,,,,,,
,,,,,,,,,,,,,,,,,,,,,,,,,,
,,,,,,,,,,,,,,,,,,,,,,,,,,
,,,,,,,,,,,,,,,,,,,,,,,,,,
,,,,,,,,,,,,,,,,,,,,,,,,,,
,,,,,,,,,,,,,,,,,,,,,,,,,,
,,,,,,,,,,,,,,,,,,,,,,,,,,
,,,,,,,,,,,,,,,,,,,,,,,,,,
,,,,,,,,,,,,,,,,,,,,,,,,,,
,,,,,,,,,,,,,,,,,,,,,,,,,,
,,,,,,,,,,,,,,,,,,,,,,,,,,
,,,,,,,,,,,,,,,,,,,,,,,,,,
,,,,,,,,,,,,,,,,,,,,,,,,,,
,,,,,,,,,,,,,,,,,,,,,,,,,,
,,,,,,,,,,,,,,,,,,,,,,,,,,
,,,,,,,,,,,,,,,,,,,,,,,,,,
,,,,,,,,,,,,,,,,,,,,,,,,,,
,,,,,,,,,,,,,,,,,,,,,,,,,,
,,,,,,,,,,,,,,,,,,,,,,,,,,
,,,,,,,,,,,,,,,,,,,,,,,,,,
,,,,,,,,,,,,,,,,,,,,,,,,,,
,,,,,,,,,,,,,,,,,,,,,,,,,,
,,,,,,,,,,,,,,,,,,,,,,,,,,
,,,,,,,,,,,,,,,,,,,,,,,,,,
,,,,,,,,,,,,,,,,,,,,,,,,,,
,,,,,,,,,,,,,,,,,,,,,,,,,,
,,,,,,,,,,,,,,,,,,,,,,,,,,
,,,,,,,,,,,,,,,,,,,,,,,,,,
,,,,,,,,,,,,,,,,,,,,,,,,,,
,,,,,,,,,,,,,,,,,,,,,,,,,,
,,,,,,,,,,,,,,,,,,,,,,,,,,
,,,,,,,,,,,,,,,,,,,,,,,,,,
,,,,,,,,,,,,,,,,,,,,,,,,,,
,,,,,,,,,,,,,,,,,,,,,,,,,,
,,,,,,,,,,,,,,,,,,,,,,,,,,
,,,,,,,,,,,,,,,,,,,,,,,,,,
,,,,,,,,,,,,,,,,,,,,,,,,,,
,,,,,,,,,,,,,,,,,,,,,,,,,,
,,,,,,,,,,,,,,,,,,,,,,,,,,
,,,,,,,,,,,,,,,,,,,,,,,,,,
,,,,,,,,,,,,,,,,,,,,,,,,,,
,,,,,,,,,,,,,,,,,,,,,,,,,,
,,,,,,,,,,,,,,,,,,,,,,,,,,
,,,,,,,,,,,,,,,,,,,,,,,,,,
,,,,,,,,,,,,,,,,,,,,,,,,,,
,,,,,,,,,,,,,,,,,,,,,,,,,,
,,,,,,,,,,,,,,,,,,,,,,,,,,
,,,,,,,,,,,,,,,,,,,,,,,,,,
,,,,,,,,,,,,,,,,,,,,,,,,,,
,,,,,,,,,,,,,,,,,,,,,,,,,,
,,,,,,,,,,,,,,,,,,,,,,,,,,
,,,,,,,,,,,,,,,,,,,,,,,,,,
,,,,,,,,,,,,,,,,,,,,,,,,,,
,,,,,,,,,,,,,,,,,,,,,,,,,,
,,,,,,,,,,,,,,,,,,,,,,,,,,
,,,,,,,,,,,,,,,,,,,,,,,,,,
,,,,,,,,,,,,,,,,,,,,,,,,,,
,,,,,,,,,,,,,,,,,,,,,,,,,,
,,,,,,,,,,,,,,,,,,,,,,,,,,
,,,,,,,,,,,,,,,,,,,,,,,,,,
,,,,,,,,,,,,,,,,,,,,,,,,,,
,,,,,,,,,,,,,,,,,,,,,,,,,,
,,,,,,,,,,,,,,,,,,,,,,,,,,
,,,,,,,,,,,,,,,,,,,,,,,,,,
,,,,,,,,,,,,,,,,,,,,,,,,,,
,,,,,,,,,,,,,,,,,,,,,,,,,,
,,,,,,,,,,,,,,,,,,,,,,,,,,
,,,,,,,,,,,,,,,,,,,,,,,,,,
,,,,,,,,,,,,,,,,,,,,,,,,,,
,,,,,,,,,,,,,,,,,,,,,,,,,,
,,,,,,,,,,,,,,,,,,,,,,,,,,
,,,,,,,,,,,,,,,,,,,,,,,,,,
,,,,,,,,,,,,,,,,,,,,,,,,,,
,,,,,,,,,,,,,,,,,,,,,,,,,,
,,,,,,,,,,,,,,,,,,,,,,,,,,
,,,,,,,,,,,,,,,,,,,,,,,,,,
,,,,,,,,,,,,,,,,,,,,,,,,,,
,,,,,,,,,,,,,,,,,,,,,,,,,,
,,,,,,,,,,,,,,,,,,,,,,,,,,
,,,,,,,,,,,,,,,,,,,,,,,,,,
,,,,,,,,,,,,,,,,,,,,,,,,,,
,,,,,,,,,,,,,,,,,,,,,,,,,,
,,,,,,,,,,,,,,,,,,,,,,,,,,
,,,,,,,,,,,,,,,,,,,,,,,,,,
,,,,,,,,,,,,,,,,,,,,,,,,,,
,,,,,,,,,,,,,,,,,,,,,,,,,,
,,,,,,,,,,,,,,,,,,,,,,,,,,
,,,,,,,,,,,,,,,,,,,,,,,,,,
,,,,,,,,,,,,,,,,,,,,,,,,,,
,,,,,,,,,,,,,,,,,,,,,,,,,,
,,,,,,,,,,,,,,,,,,,,,,,,,,
,,,,,,,,,,,,,,,,,,,,,,,,,,
,,,,,,,,,,,,,,,,,,,,,,,,,,
,,,,,,,,,,,,,,,,,,,,,,,,,,
,,,,,,,,,,,,,,,,,,,,,,,,,,
,,,,,,,,,,,,,,,,,,,,,,,,,,
,,,,,,,,,,,,,,,,,,,,,,,,,,
,,,,,,,,,,,,,,,,,,,,,,,,,,
,,,,,,,,,,,,,,,,,,,,,,,,,,
,,,,,,,,,,,,,,,,,,,,,,,,,,
,,,,,,,,,,,,,,,,,,,,,,,,,,
,,,,,,,,,,,,,,,,,,,,,,,,,,
,,,,,,,,,,,,,,,,,,,,,,,,,,
,,,,,,,,,,,,,,,,,,,,,,,,,,
,,,,,,,,,,,,,,,,,,,,,,,,,,
,,,,,,,,,,,,,,,,,,,,,,,,,,
,,,,,,,,,,,,,,,,,,,,,,,,,,
,,,,,,,,,,,,,,,,,,,,,,,,,,
,,,,,,,,,,,,,,,,,,,,,,,,,,
,,,,,,,,,,,,,,,,,,,,,,,,,,
,,,,,,,,,,,,,,,,,,,,,,,,,,
,,,,,,,,,,,,,,,,,,,,,,,,,,
,,,,,,,,,,,,,,,,,,,,,,,,,,
,,,,,,,,,,,,,,,,,,,,,,,,,,
,,,,,,,,,,,,,,,,,,,,,,,,,,
,,,,,,,,,,,,,,,,,,,,,,,,,,
,,,,,,,,,,,,,,,,,,,,,,,,,,
,,,,,,,,,,,,,,,,,,,,,,,,,,
,,,,,,,,,,,,,,,,,,,,,,,,,,
,,,,,,,,,,,,,,,,,,,,,,,,,,
,,,,,,,,,,,,,,,,,,,,,,,,,,
,,,,,,,,,,,,,,,,,,,,,,,,,,
,,,,,,,,,,,,,,,,,,,,,,,,,,
,,,,,,,,,,,,,,,,,,,,,,,,,,
,,,,,,,,,,,,,,,,,,,,,,,,,,
,,,,,,,,,,,,,,,,,,,,,,,,,,
,,,,,,,,,,,,,,,,,,,,,,,,,,
,,,,,,,,,,,,,,,,,,,,,,,,,,
,,,,,,,,,,,,,,,,,,,,,,,,,,
,,,,,,,,,,,,,,,,,,,,,,,,,,
,,,,,,,,,,,,,,,,,,,,,,,,,,
,,,,,,,,,,,,,,,,,,,,,,,,,,
,,,,,,,,,,,,,,,,,,,,,,,,,,
,,,,,,,,,,,,,,,,,,,,,,,,,,
,,,,,,,,,,,,,,,,,,,,,,,,,,
,,,,,,,,,,,,,,,,,,,,,,,,,,
,,,,,,,,,,,,,,,,,,,,,,,,,,
,,,,,,,,,,,,,,,,,,,,,,,,,,
,,,,,,,,,,,,,,,,,,,,,,,,,,
,,,,,,,,,,,,,,,,,,,,,,,,,,
,,,,,,,,,,,,,,,,,,,,,,,,,,
,,,,,,,,,,,,,,,,,,,,,,,,,,
,,,,,,,,,,,,,,,,,,,,,,,,,,
,,,,,,,,,,,,,,,,,,,,,,,,,,
,,,,,,,,,,,,,,,,,,,,,,,,,,
,,,,,,,,,,,,,,,,,,,,,,,,,,
,,,,,,,,,,,,,,,,,,,,,,,,,,
,,,,,,,,,,,,,,,,,,,,,,,,,,
,,,,,,,,,,,,,,,,,,,,,,,,,,
,,,,,,,,,,,,,,,,,,,,,,,,,,
,,,,,,,,,,,,,,,,,,,,,,,,,,
,,,,,,,,,,,,,,,,,,,,,,,,,,
,,,,,,,,,,,,,,,,,,,,,,,,,,
,,,,,,,,,,,,,,,,,,,,,,,,,,
,,,,,,,,,,,,,,,,,,,,,,,,,,
,,,,,,,,,,,,,,,,,,,,,,,,,,
,,,,,,,,,,,,,,,,,,,,,,,,,,
,,,,,,,,,,,,,,,,,,,,,,,,,,
,,,,,,,,,,,,,,,,,,,,,,,,,,
,,,,,,,,,,,,,,,,,,,,,,,,,,
,,,,,,,,,,,,,,,,,,,,,,,,,,
,,,,,,,,,,,,,,,,,,,,,,,,,,
,,,,,,,,,,,,,,,,,,,,,,,,,,
,,,,,,,,,,,,,,,,,,,,,,,,,,
,,,,,,,,,,,,,,,,,,,,,,,,,,
,,,,,,,,,,,,,,,,,,,,,,,,,,
,,,,,,,,,,,,,,,,,,,,,,,,,,
,,,,,,,,,,,,,,,,,,,,,,,,,,
,,,,,,,,,,,,,,,,,,,,,,,,,,
,,,,,,,,,,,,,,,,,,,,,,,,,,
,,,,,,,,,,,,,,,,,,,,,,,,,,
,,,,,,,,,,,,,,,,,,,,,,,,,,
,,,,,,,,,,,,,,,,,,,,,,,,,,
,,,,,,,,,,,,,,,,,,,,,,,,,,
,,,,,,,,,,,,,,,,,,,,,,,,,,
,,,,,,,,,,,,,,,,,,,,,,,,,,
,,,,,,,,,,,,,,,,,,,,,,,,,,
,,,,,,,,,,,,,,,,,,,,,,,,,,
,,,,,,,,,,,,,,,,,,,,,,,,,,
,,,,,,,,,,,,,,,,,,,,,,,,,,
,,,,,,,,,,,,,,,,,,,,,,,,,,
,,,,,,,,,,,,,,,,,,,,,,,,,,
,,,,,,,,,,,,,,,,,,,,,,,,,,
,,,,,,,,,,,,,,,,,,,,,,,,,,
,,,,,,,,,,,,,,,,,,,,,,,,,,
,,,,,,,,,,,,,,,,,,,,,,,,,,
,,,,,,,,,,,,,,,,,,,,,,,,,,
,,,,,,,,,,,,,,,,,,,,,,,,,,
,,,,,,,,,,,,,,,,,,,,,,,,,,
,,,,,,,,,,,,,,,,,,,,,,,,,,
,,,,,,,,,,,,,,,,,,,,,,,,,,
,,,,,,,,,,,,,,,,,,,,,,,,,,
,,,,,,,,,,,,,,,,,,,,,,,,,,
,,,,,,,,,,,,,,,,,,,,,,,,,,
,,,,,,,,,,,,,,,,,,,,,,,,,,
,,,,,,,,,,,,,,,,,,,,,,,,,,
,,,,,,,,,,,,,,,,,,,,,,,,,,
,,,,,,,,,,,,,,,,,,,,,,,,,,
,,,,,,,,,,,,,,,,,,,,,,,,,,
,,,,,,,,,,,,,,,,,,,,,,,,,,
,,,,,,,,,,,,,,,,,,,,,,,,,,
,,,,,,,,,,,,,,,,,,,,,,,,,,
,,,,,,,,,,,,,,,,,,,,,,,,,,
,,,,,,,,,,,,,,,,,,,,,,,,,,
,,,,,,,,,,,,,,,,,,,,,,,,,,
,,,,,,,,,,,,,,,,,,,,,,,,,,
,,,,,,,,,,,,,,,,,,,,,,,,,,
,,,,,,,,,,,,,,,,,,,,,,,,,,